protein,cancer_outcome,method,n_instruments,beta,se,pvalue,OR,OR_95CI_lower,OR_95CI_upper,FDR,F_stat,is_primary_estimate
SNX15,Breast_GCST90018757,Wald ratio,1,-0.0866,0.0109,1.51e-15,0.9171,0.8978,0.9368,7.610400000000001e-13,36.9,True
EFNA1,Breast_GCST90018757,Wald ratio,1,0.1272,0.0169,6.07e-14,1.1357,1.0986,1.174,1.21968e-11,41.5,True
FGF5,Breast_GCST90018757,Wald ratio,1,-0.0413,0.0055,7.26e-14,0.9596,0.9492,0.97,1.21968e-11,152.1,True
UMOD,Breast_GCST90018757,Wald ratio,1,0.0242,0.0048,5.17e-07,1.0245,1.0149,1.0343,6.5142e-05,247.9,True
SWAP70,Breast_GCST90018757,Wald ratio,1,0.0434,0.0099,1.13e-05,1.0443,1.0243,1.0647,0.00113904,33.5,True
ATRAID,Breast_GCST90018757,Wald ratio,1,-0.0449,0.0105,1.88e-05,0.9561,0.9367,0.976,0.0015792,37.2,True
TNFRSF6B,Breast_GCST90018757,Wald ratio,1,0.0352,0.0083,2.37e-05,1.0359,1.0191,1.0529,0.0017064,52.5,True
ITIH3,Breast_GCST90018757,Wald ratio,1,-0.0416,0.0103,5.47e-05,0.9592,0.9401,0.9788,0.0030632000000000003,37.2,True
KLB,Breast_GCST90018757,Inverse variance weighted,2,0.0144,0.0036,4.93e-05,1.0145,1.0075,1.0216,0.0030632000000000003,198.0,True
PM20D1,Breast_GCST90018757,Inverse variance weighted,2,0.0126,0.0032,8.79e-05,1.0126,1.0063,1.019,0.00443016,185.7,True
TSPAN8,Breast_GCST90018757,Wald ratio,1,-0.0348,0.0091,0.000123,0.9658,0.9488,0.9831,0.005635636363636364,50.1,True
FGFR4,Breast_GCST90018757,Wald ratio,1,-0.0122,0.0034,0.000364,0.9879,0.9812,0.9945,0.015288000000000001,531.0,True
IL34,Breast_GCST90018757,Inverse variance weighted,2,0.0238,0.0067,0.000397,1.0241,1.0107,1.0377,0.015391384615384614,94.8,True
APOE,Breast_GCST90018757,Wald ratio,1,0.0173,0.005,0.000568,1.0175,1.0075,1.0276,0.020448,321.0,True
CGREF1,Breast_GCST90018757,Wald ratio,1,0.0265,0.0078,0.000747,1.0268,1.0111,1.0427,0.025099200000000002,112.9,True
INHBB,Breast_GCST90018757,Wald ratio,1,0.0253,0.0076,0.000917,1.0256,1.0104,1.0411,0.028885499999999998,68.3,True
SERPINA11,Breast_GCST90018757,Inverse variance weighted,2,-0.0206,0.0068,0.00253,0.9796,0.9666,0.9928,0.07500705882352941,79.6,True
TXNDC15,Breast_GCST90018757,Inverse variance weighted,2,0.0071,0.0024,0.00316,1.0072,1.0024,1.012,0.08848,361.0,True
CTSF,Breast_GCST90018757,Inverse variance weighted,2,0.0124,0.0043,0.00371,1.0125,1.004,1.021,0.09841263157894738,55.4,True
INHBC,Breast_GCST90018757,Wald ratio,1,0.0247,0.0088,0.00474,1.025,1.0076,1.0428,0.119448,151.9,True
LAIR2,Breast_GCST90018757,Inverse variance weighted,3,0.0091,0.0033,0.00514,1.0092,1.0027,1.0157,0.12336,71.8,True
ADAM8,Breast_GCST90018757,Wald ratio,1,-0.0207,0.0076,0.00634,0.9795,0.965,0.9942,0.13892869565217392,74.2,True
MIA,Breast_GCST90018757,Wald ratio,1,0.0098,0.0036,0.00621,1.0098,1.0028,1.017,0.13892869565217392,383.8,True
LAIR2,Breast_GCST90018757,Weighted median,3,0.0095,0.0036,0.0082,1.0095,1.0025,1.0166,,71.8,False
CLEC10A,Breast_GCST90018757,Wald ratio,1,0.0207,0.008,0.00973,1.0209,1.005,1.0371,0.1886123076923077,64.1,True
FCRLB,Breast_GCST90018757,Wald ratio,1,0.029,0.0112,0.00949,1.0294,1.0071,1.0521,0.1886123076923077,47.6,True
GRIK2,Breast_GCST90018757,Wald ratio,1,-0.011,0.0042,0.00915,0.9891,0.9809,0.9973,0.1886123076923077,66.4,True
MST1,Breast_GCST90018757,Wald ratio,1,0.0224,0.0088,0.0105,1.0227,1.0053,1.0404,0.19600000000000004,471.7,True
PDE5A,Breast_GCST90018757,Wald ratio,1,0.0258,0.0102,0.0114,1.0262,1.0058,1.0469,0.20520000000000002,37.4,True
CD2AP,Breast_GCST90018757,Wald ratio,1,0.0205,0.0082,0.0126,1.0207,1.0044,1.0373,0.2189793103448276,93.1,True
CLEC6A,Breast_GCST90018757,Wald ratio,1,0.0617,0.025,0.0138,1.0636,1.0127,1.1171,0.22923870967741936,113.0,True
LRRC37A2,Breast_GCST90018757,Inverse variance weighted,2,0.0121,0.0049,0.0141,1.0122,1.0024,1.022,0.22923870967741936,285.8,True
PRTG,Breast_GCST90018757,Wald ratio,1,-0.0179,0.0074,0.0153,0.9823,0.9682,0.9966,0.23367272727272725,74.6,True
SIGLEC9,Breast_GCST90018757,Inverse variance weighted,2,0.0091,0.0037,0.0151,1.0091,1.0018,1.0165,0.23367272727272725,168.9,True
ASAH1,Breast_GCST90018757,Wald ratio,1,-0.0165,0.0068,0.0158,0.9836,0.9705,0.9969,0.23421176470588237,91.4,True
PON1,Breast_GCST90018757,Inverse variance weighted,2,0.0111,0.0046,0.0166,1.0112,1.002,1.0204,0.23904,239.2,True
OXT,Breast_GCST90018757,Wald ratio,1,-0.0131,0.0055,0.0172,0.987,0.9764,0.9977,0.2408,132.5,True
COMT,Breast_GCST90018757,Inverse variance weighted,2,-0.0111,0.0047,0.0186,0.989,0.9799,0.9982,0.2533621621621622,77.2,True
ULBP2,Breast_GCST90018757,Inverse variance weighted,3,-0.0084,0.0036,0.0198,0.9916,0.9846,0.9987,0.26261052631578946,87.3,True
LY9,Breast_GCST90018757,Wald ratio,1,0.0182,0.008,0.0225,1.0183,1.0026,1.0344,0.2907692307692308,58.3,True
ULBP2,Breast_GCST90018757,Weighted median,3,-0.0074,0.0032,0.0221,0.9926,0.9864,0.9989,,87.3,False
GPIHBP1,Breast_GCST90018757,Wald ratio,1,0.0229,0.0104,0.0279,1.0232,1.0025,1.0443,0.3454243902439024,42.5,True
IMPA1,Breast_GCST90018757,Wald ratio,1,0.0249,0.0114,0.0281,1.0252,1.0027,1.0483,0.3454243902439024,38.3,True
NPTX1,Breast_GCST90018757,Wald ratio,1,0.0614,0.0287,0.0323,1.0633,1.0052,1.1248,0.3876,39.3,True
FCAMR,Breast_GCST90018757,Wald ratio,1,0.0162,0.0076,0.0337,1.0163,1.0013,1.0316,0.3949953488372093,58.6,True
ART3,Breast_GCST90018757,Wald ratio,1,-0.0178,0.0085,0.0348,0.9823,0.9662,0.9987,0.39861818181818176,49.1,True
CST5,Breast_GCST90018757,Inverse variance weighted,2,0.0069,0.0033,0.0369,1.0069,1.0004,1.0135,0.41328,152.3,True
CDH15,Breast_GCST90018757,Wald ratio,1,-0.009,0.0044,0.0398,0.991,0.9825,0.9996,0.4360695652173913,252.3,True
SORCS2,Breast_GCST90018757,Wald ratio,1,0.014,0.0069,0.0409,1.0141,1.0006,1.0278,0.4385872340425532,127.6,True
CD38,Breast_GCST90018757,Inverse variance weighted,2,-0.0249,0.0123,0.0431,0.9754,0.9521,0.9992,0.44845714285714283,49.6,True
PCDH12,Breast_GCST90018757,Wald ratio,1,-0.0337,0.0167,0.0436,0.9668,0.9356,0.999,0.44845714285714283,31.3,True
PRSS53,Breast_GCST90018757,Inverse variance weighted,4,-0.0081,0.0041,0.0475,0.9919,0.984,0.9999,0.4759999999999999,103.8,True
ICAM3,Breast_GCST90018757,Wald ratio,1,-0.0353,0.0181,0.0507,0.9653,0.9316,1.0001,0.4759999999999999,34.8,True
KLK10,Breast_GCST90018757,Inverse variance weighted,2,-0.0076,0.0039,0.0499,0.9924,0.9848,1.0,0.4759999999999999,160.6,True
SUSD5,Breast_GCST90018757,Inverse variance weighted,2,-0.0115,0.0059,0.051,0.9886,0.9773,1.0,0.4759999999999999,67.9,True
OGN,Breast_GCST90018757,Inverse variance weighted,2,-0.0182,0.0093,0.0505,0.982,0.9643,1.0,0.4759999999999999,85.2,True
VEGFA,Breast_GCST90018757,Wald ratio,1,-0.015,0.0078,0.0537,0.9851,0.9701,1.0002,0.4920872727272727,77.1,True
GPC5,Breast_GCST90018757,Wald ratio,1,-0.015,0.0083,0.0711,0.9851,0.9693,1.0013,0.5891016393442623,56.2,True
PRSS53,Breast_GCST90018757,Weighted median,4,-0.0082,0.0045,0.0684,0.9918,0.9831,1.0006,,103.8,False
SGSH,Breast_GCST90018757,Wald ratio,1,-0.0082,0.0046,0.0713,0.9918,0.983,1.0007,0.5891016393442623,303.9,True
PGD,Breast_GCST90018757,Wald ratio,1,-0.0126,0.0069,0.0699,0.9875,0.9742,1.001,0.5891016393442623,46.1,True
TGOLN2,Breast_GCST90018757,Wald ratio,1,-0.0135,0.0074,0.0684,0.9865,0.9723,1.001,0.5891016393442623,176.9,True
ITGA2,Breast_GCST90018757,Inverse variance weighted,2,0.0072,0.004,0.0704,1.0072,0.9994,1.0151,0.5891016393442623,155.5,True
PXDNL,Breast_GCST90018757,Wald ratio,1,0.0212,0.0116,0.0685,1.0215,0.9984,1.045,0.5891016393442623,65.5,True
CD300E,Breast_GCST90018757,Inverse variance weighted,2,0.0109,0.0061,0.0744,1.011,0.9989,1.0232,0.6048,72.2,True
SIRPA,Breast_GCST90018757,Wald ratio,1,-0.0057,0.0032,0.0759,0.9943,0.9881,1.0006,0.6072,1156.4,True
BLMH,Breast_GCST90018757,Wald ratio,1,-0.0104,0.0059,0.0794,0.9897,0.9783,1.0012,0.6156553846153846,190.1,True
XCL1,Breast_GCST90018757,Wald ratio,1,0.0074,0.0042,0.0794,1.0074,0.9991,1.0157,0.6156553846153846,218.1,True
MSMB,Breast_GCST90018757,Inverse variance weighted,2,0.0047,0.0027,0.0813,1.0047,0.9994,1.01,0.6190925373134328,398.7,True
ZP3,Breast_GCST90018757,Inverse variance weighted,2,0.0045,0.0026,0.0823,1.0045,0.9994,1.0097,0.6190925373134328,585.6,True
CCL15,Breast_GCST90018757,Wald ratio,1,-0.0044,0.0025,0.0853,0.9957,0.9907,1.0006,0.6322235294117647,397.9,True
WASHC3,Breast_GCST90018757,Wald ratio,1,0.013,0.0076,0.0884,1.013,0.9981,1.0283,0.63648,59.3,True
VMO1,Breast_GCST90018757,Wald ratio,1,0.0091,0.0053,0.088,1.0092,0.9986,1.0198,0.63648,285.6,True
CD40,Breast_GCST90018757,Wald ratio,1,-0.0068,0.004,0.0898,0.9933,0.9855,1.0011,0.6374535211267606,124.1,True
PBLD,Breast_GCST90018757,Wald ratio,1,0.012,0.0073,0.101,1.012,0.9977,1.0266,0.69216,74.8,True
MMP12,Breast_GCST90018757,Wald ratio,1,0.0221,0.0134,0.0994,1.0224,0.9958,1.0496,0.69216,163.2,True
LGALS8,Breast_GCST90018757,Inverse variance weighted,2,0.0054,0.0033,0.103,1.0054,0.9989,1.0119,0.69216,254.3,True
GGT1,Breast_GCST90018757,Wald ratio,1,-0.0177,0.0108,0.102,0.9825,0.9619,1.0035,0.69216,34.8,True
CXCL5,Breast_GCST90018757,Wald ratio,1,-0.0385,0.0237,0.105,0.9622,0.9185,1.008,0.6963157894736841,37.0,True
KDR,Breast_GCST90018757,Wald ratio,1,-0.0999,0.062,0.107,0.9049,0.8014,1.0218,0.7003636363636363,39.5,True
PTPRH,Breast_GCST90018757,Wald ratio,1,-0.0067,0.0042,0.112,0.9933,0.9852,1.0015,0.7121739130434782,127.2,True
GFRA2,Breast_GCST90018757,Inverse variance weighted,2,-0.0105,0.0066,0.112,0.9896,0.9769,1.0024,0.7121739130434782,47.5,True
ASAH2,Breast_GCST90018757,Wald ratio,1,-0.0089,0.0057,0.121,0.9911,0.98,1.0024,0.7121739130434782,98.5,True
SFTPD,Breast_GCST90018757,Wald ratio,1,-0.0079,0.0052,0.127,0.9922,0.9822,1.0022,0.7121739130434782,192.8,True
SCN4B,Breast_GCST90018757,Inverse variance weighted,2,-0.0068,0.0045,0.13,0.9932,0.9844,1.002,0.7121739130434782,142.9,True
RGMA,Breast_GCST90018757,Wald ratio,1,0.0242,0.0157,0.124,1.0245,0.9934,1.0566,0.7121739130434782,44.5,True
ICAM1,Breast_GCST90018757,Wald ratio,1,-0.0163,0.0104,0.117,0.9838,0.9639,1.0041,0.7121739130434782,44.6,True
GALNT2,Breast_GCST90018757,Wald ratio,1,0.0146,0.0097,0.132,1.0147,0.9956,1.0341,0.7153548387096775,41.4,True
TACSTD2,Breast_GCST90018757,Wald ratio,1,0.0099,0.0063,0.12,1.0099,0.9974,1.0225,0.7121739130434782,164.8,True
BPIFB1,Breast_GCST90018757,Inverse variance weighted,2,-0.0104,0.0069,0.13,0.9896,0.9764,1.0031,0.7121739130434782,63.7,True
TYMP,Breast_GCST90018757,Wald ratio,1,0.0128,0.0083,0.122,1.0129,0.9966,1.0295,0.7121739130434782,68.0,True
CD80,Breast_GCST90018757,Wald ratio,1,-0.0101,0.0067,0.129,0.9899,0.9771,1.003,0.7121739130434782,62.8,True
TFRC,Breast_GCST90018757,Wald ratio,1,-0.0228,0.0145,0.117,0.9775,0.95,1.0057,0.7121739130434782,55.6,True
TDGF1,Breast_GCST90018757,Wald ratio,1,-0.0072,0.0047,0.13,0.9929,0.9837,1.0021,0.7121739130434782,908.2,True
GNPDA2,Breast_GCST90018757,Inverse variance weighted,2,-0.0043,0.0028,0.123,0.9957,0.9902,1.0012,0.7121739130434782,124.3,True
COL28A1,Breast_GCST90018757,Inverse variance weighted,2,-0.005,0.0032,0.118,0.9951,0.9889,1.0013,0.7121739130434782,252.0,True
FNDC1,Breast_GCST90018757,Wald ratio,1,0.0412,0.0275,0.134,1.042,0.9874,1.0997,0.718468085106383,50.1,True
MEGF10,Breast_GCST90018757,Wald ratio,1,0.0118,0.0079,0.137,1.0118,0.9963,1.0276,0.72576,67.9,True
RELT,Breast_GCST90018757,Wald ratio,1,-0.0231,0.0158,0.143,0.9772,0.9474,1.0079,0.72576,79.5,True
SLAMF8,Breast_GCST90018757,Wald ratio,1,0.0326,0.0223,0.143,1.0332,0.9891,1.0792,0.72576,37.4,True
CAPG,Breast_GCST90018757,Wald ratio,1,0.0052,0.0036,0.142,1.0052,0.9983,1.0123,0.72576,480.7,True
SPINK5,Breast_GCST90018757,Wald ratio,1,0.0114,0.0078,0.144,1.0115,0.9961,1.027,0.72576,70.0,True
GGH,Breast_GCST90018757,Inverse variance weighted,2,0.0065,0.0044,0.143,1.0065,0.9978,1.0152,0.72576,65.1,True
ENPP7,Breast_GCST90018757,Wald ratio,1,-0.0055,0.0038,0.146,0.9945,0.9871,1.0019,0.7285544554455444,412.3,True
FAM3D,Breast_GCST90018757,Wald ratio,1,0.015,0.0104,0.149,1.0151,0.9946,1.036,0.7362352941176471,35.2,True
PRR4,Breast_GCST90018757,Inverse variance weighted,2,0.0054,0.0037,0.152,1.0054,0.998,1.0128,0.7437669902912621,254.6,True
CDH23,Breast_GCST90018757,Wald ratio,1,0.0123,0.0088,0.16,1.0124,0.9951,1.03,0.756,36.0,True
FAS,Breast_GCST90018757,Wald ratio,1,-0.0142,0.0103,0.167,0.9859,0.9663,1.0059,0.756,33.5,True
ACVRL1,Breast_GCST90018757,Wald ratio,1,-0.0093,0.0068,0.173,0.9908,0.9777,1.0041,0.756,64.8,True
IFI30,Breast_GCST90018757,Inverse variance weighted,2,0.0103,0.0076,0.174,1.0103,0.9955,1.0254,0.756,75.8,True
SCARF2,Breast_GCST90018757,Wald ratio,1,-0.0175,0.0124,0.16,0.9827,0.9591,1.0069,0.756,32.2,True
PLXNB2,Breast_GCST90018757,Wald ratio,1,-0.0063,0.0046,0.17,0.9937,0.9847,1.0027,0.756,288.7,True
GALNT3,Breast_GCST90018757,Wald ratio,1,-0.0225,0.0164,0.171,0.9778,0.9468,1.0097,0.756,32.9,True
SPINK2,Breast_GCST90018757,Wald ratio,1,-0.0079,0.0058,0.172,0.9921,0.9808,1.0035,0.756,75.8,True
GHR,Breast_GCST90018757,Inverse variance weighted,2,0.0104,0.0076,0.168,1.0105,0.9956,1.0255,0.756,75.9,True
HDDC2,Breast_GCST90018757,Wald ratio,1,0.0091,0.0066,0.173,1.0091,0.996,1.0223,0.756,60.5,True
VNN1,Breast_GCST90018757,Weighted median,4,-0.0039,0.0027,0.156,0.9961,0.9908,1.0015,,212.9,False
PSCA,Breast_GCST90018757,Wald ratio,1,-0.0042,0.003,0.165,0.9958,0.99,1.0017,0.756,1273.9,True
TNFRSF10A,Breast_GCST90018757,Inverse variance weighted,2,0.0105,0.0076,0.167,1.0105,0.9956,1.0257,0.756,66.4,True
FCN2,Breast_GCST90018757,Wald ratio,1,-0.0068,0.0049,0.162,0.9932,0.9837,1.0028,0.756,223.4,True
IL1R2,Breast_GCST90018757,Wald ratio,1,0.0095,0.0071,0.18,1.0096,0.9956,1.0238,0.7688135593220339,91.6,True
RARRES1,Breast_GCST90018757,Wald ratio,1,0.0118,0.0088,0.179,1.0119,0.9946,1.0295,0.7688135593220339,56.0,True
DKK3,Breast_GCST90018757,Wald ratio,1,-0.0112,0.0089,0.21,0.9889,0.9718,1.0063,0.7936119402985075,45.2,True
CLMP,Breast_GCST90018757,Wald ratio,1,0.0121,0.0096,0.211,1.0121,0.9932,1.0315,0.7936119402985075,45.8,True
LTBR,Breast_GCST90018757,Wald ratio,1,-0.0134,0.0103,0.195,0.9867,0.9669,1.0069,0.7936119402985075,41.1,True
SBSN,Breast_GCST90018757,Wald ratio,1,0.0208,0.0165,0.207,1.021,0.9885,1.0545,0.7936119402985075,63.4,True
LRG1,Breast_GCST90018757,Wald ratio,1,-0.0086,0.0067,0.198,0.9914,0.9786,1.0045,0.7936119402985075,265.5,True
CD33,Breast_GCST90018757,Inverse variance weighted,2,-0.0093,0.0072,0.192,0.9907,0.9769,1.0047,0.7936119402985075,547.8,True
CHI3L1,Breast_GCST90018757,Wald ratio,1,-0.0083,0.0066,0.209,0.9917,0.979,1.0047,0.7936119402985075,170.9,True
CDA,Breast_GCST90018757,Inverse variance weighted,2,0.0068,0.0054,0.209,1.0068,0.9962,1.0174,0.7936119402985075,90.0,True
IL1RL1,Breast_GCST90018757,Inverse variance weighted,2,0.0045,0.0034,0.191,1.0045,0.9978,1.0113,0.7936119402985075,196.3,True
LY75,Breast_GCST90018757,Inverse variance weighted,2,-0.0262,0.02,0.191,0.9741,0.9366,1.0132,0.7936119402985075,156.6,True
HS1BP3,Breast_GCST90018757,Wald ratio,1,-0.0113,0.0088,0.203,0.9888,0.9718,1.0061,0.7936119402985075,40.0,True
REG3G,Breast_GCST90018757,Inverse variance weighted,3,0.0074,0.0059,0.208,1.0074,0.9959,1.0191,0.7936119402985075,59.6,True
TLR3,Breast_GCST90018757,Wald ratio,1,0.0045,0.0036,0.206,1.0045,0.9975,1.0116,0.7936119402985075,712.0,True
SMPDL3A,Breast_GCST90018757,Wald ratio,1,-0.0074,0.0058,0.203,0.9926,0.9814,1.004,0.7936119402985075,253.3,True
GPNMB,Breast_GCST90018757,Wald ratio,1,-0.0134,0.0105,0.203,0.9867,0.9666,1.0073,0.7936119402985075,49.5,True
VWC2,Breast_GCST90018757,Wald ratio,1,-0.0119,0.0094,0.207,0.9882,0.9702,1.0066,0.7936119402985075,46.5,True
RBP5,Breast_GCST90018757,Wald ratio,1,-0.0123,0.0101,0.221,0.9878,0.9685,1.0074,0.8028,31.1,True
NFASC,Breast_GCST90018757,Wald ratio,1,-0.0195,0.016,0.223,0.9807,0.9504,1.0119,0.8028,56.7,True
FUCA1,Breast_GCST90018757,Wald ratio,1,0.0133,0.0108,0.217,1.0134,0.9922,1.0351,0.8028,45.8,True
SCGB3A1,Breast_GCST90018757,Wald ratio,1,-0.0175,0.0143,0.22,0.9826,0.9555,1.0105,0.8028,58.2,True
VNN1,Breast_GCST90018757,Inverse variance weighted,4,-0.0029,0.0024,0.225,0.9971,0.9925,1.0018,0.8042553191489362,212.9,True
GIMAP7,Breast_GCST90018757,Wald ratio,1,-0.0093,0.0076,0.223,0.9908,0.9761,1.0056,0.8028,114.2,True
SLURP1,Breast_GCST90018757,Wald ratio,1,-0.0139,0.0113,0.217,0.9862,0.9646,1.0082,0.8028,49.5,True
RET,Breast_GCST90018757,Inverse variance weighted,2,-0.0088,0.0075,0.244,0.9913,0.9768,1.006,0.8256315789473684,35.8,True
SPON1,Breast_GCST90018757,Wald ratio,1,-0.0129,0.0108,0.232,0.9872,0.9665,1.0083,0.82343661971831,34.6,True
SCPEP1,Breast_GCST90018757,Wald ratio,1,-0.0098,0.0084,0.241,0.9902,0.9741,1.0066,0.8256315789473684,37.2,True
CD70,Breast_GCST90018757,Wald ratio,1,-0.0101,0.0087,0.247,0.99,0.9733,1.007,0.8256315789473684,108.1,True
TNN,Breast_GCST90018757,Inverse variance weighted,2,0.0039,0.0034,0.247,1.0039,0.9973,1.0106,0.8256315789473684,230.9,True
PLTP,Breast_GCST90018757,Wald ratio,1,0.0087,0.0074,0.24,1.0087,0.9942,1.0235,0.8256315789473684,60.8,True
CRYGD,Breast_GCST90018757,Inverse variance weighted,3,0.0047,0.004,0.237,1.0047,0.9969,1.0125,0.8256315789473684,161.0,True
REG3G,Breast_GCST90018757,Weighted median,3,0.007,0.0059,0.238,1.007,0.9954,1.0189,,59.6,False
HGFAC,Breast_GCST90018757,Wald ratio,1,0.0255,0.0222,0.249,1.0259,0.9823,1.0714,0.8256315789473684,38.6,True
IDUA,Breast_GCST90018757,Wald ratio,1,0.0083,0.0072,0.249,1.0083,0.9942,1.0226,0.8256315789473684,86.9,True
DNPH1,Breast_GCST90018757,Wald ratio,1,0.0329,0.0287,0.251,1.0335,0.977,1.0933,0.8268235294117647,44.1,True
CCN4,Breast_GCST90018757,Wald ratio,1,-0.0193,0.0163,0.236,0.9808,0.95,1.0127,0.8256315789473684,38.8,True
SCARA5,Breast_GCST90018757,Wald ratio,1,0.015,0.0128,0.241,1.0151,0.99,1.0408,0.8256315789473684,31.2,True
FCRL3,Breast_GCST90018757,Wald ratio,1,0.0043,0.0038,0.257,1.0043,0.9968,1.0119,0.841090909090909,452.8,True
GALNT5,Breast_GCST90018757,Wald ratio,1,0.013,0.0116,0.263,1.0131,0.9903,1.0364,0.8496923076923076,39.5,True
FAM171B,Breast_GCST90018757,Wald ratio,1,0.0129,0.0115,0.262,1.013,0.9904,1.036,0.8496923076923076,64.2,True
NRP1,Breast_GCST90018757,Wald ratio,1,0.0092,0.0091,0.31,1.0092,0.9915,1.0273,0.8632615384615385,62.0,True
SNCG,Breast_GCST90018757,Wald ratio,1,-0.0055,0.0057,0.333,0.9945,0.9835,1.0056,0.8632615384615385,409.9,True
PCSK7,Breast_GCST90018757,Wald ratio,1,0.0088,0.0085,0.302,1.0088,0.9921,1.0259,0.8632615384615385,44.9,True
ADGRD1,Breast_GCST90018757,Inverse variance weighted,2,-0.007,0.0065,0.286,0.9931,0.9804,1.0059,0.8632615384615385,50.4,True
LCP1,Breast_GCST90018757,Inverse variance weighted,2,0.0035,0.0034,0.301,1.0035,0.9969,1.0102,0.8632615384615385,234.9,True
OLFM4,Breast_GCST90018757,Wald ratio,1,0.0043,0.0043,0.318,1.0043,0.9959,1.0129,0.8632615384615385,291.8,True
RNASE10,Breast_GCST90018757,Inverse variance weighted,2,-0.0072,0.0071,0.313,0.9928,0.9791,1.0068,0.8632615384615385,165.9,True
RNASE3,Breast_GCST90018757,Wald ratio,1,-0.0042,0.004,0.301,0.9958,0.988,1.0038,0.8632615384615385,113.2,True
FUT8,Breast_GCST90018757,Wald ratio,1,-0.0131,0.0127,0.301,0.9869,0.9627,1.0118,0.8632615384615385,36.0,True
CD276,Breast_GCST90018757,Wald ratio,1,-0.005,0.005,0.319,0.995,0.9853,1.0048,0.8632615384615385,360.9,True
SERPINF1,Breast_GCST90018757,Wald ratio,1,0.0105,0.0097,0.276,1.0106,0.9916,1.0299,0.8632615384615385,45.0,True
DCC,Breast_GCST90018757,Wald ratio,1,0.0071,0.0071,0.324,1.0071,0.9931,1.0213,0.8632615384615385,77.9,True
PEPD,Breast_GCST90018757,Wald ratio,1,0.0074,0.007,0.285,1.0075,0.9938,1.0213,0.8632615384615385,47.1,True
PVR,Breast_GCST90018757,Inverse variance weighted,2,0.0038,0.0037,0.314,1.0038,0.9964,1.0111,0.8632615384615385,140.6,True
VSTM1,Breast_GCST90018757,Inverse variance weighted,2,0.0055,0.0057,0.334,1.0055,0.9944,1.0168,0.8632615384615385,164.4,True
LEFTY2,Breast_GCST90018757,Wald ratio,1,0.0064,0.006,0.286,1.0064,0.9947,1.0183,0.8632615384615385,128.8,True
ITPA,Breast_GCST90018757,Wald ratio,1,0.0074,0.0069,0.283,1.0075,0.9939,1.0212,0.8632615384615385,54.9,True
FAM3B,Breast_GCST90018757,Inverse variance weighted,2,0.011,0.0102,0.28,1.0111,0.9911,1.0315,0.8632615384615385,123.7,True
CSF2RB,Breast_GCST90018757,Wald ratio,1,0.0051,0.0047,0.277,1.0051,0.9959,1.0143,0.8632615384615385,1152.6,True
MERTK,Breast_GCST90018757,Wald ratio,1,0.0102,0.0105,0.329,1.0103,0.9897,1.0312,0.8632615384615385,42.5,True
ITGB6,Breast_GCST90018757,Wald ratio,1,-0.0101,0.0098,0.302,0.9899,0.9711,1.0091,0.8632615384615385,36.4,True
CRYGD,Breast_GCST90018757,Weighted median,3,0.005,0.0045,0.268,1.005,0.9962,1.0139,,161.0,False
VIT,Breast_GCST90018757,Wald ratio,1,0.0074,0.0073,0.311,1.0075,0.9931,1.0221,0.8632615384615385,107.1,True
QPCT,Breast_GCST90018757,Wald ratio,1,0.0025,0.0026,0.322,1.0025,0.9975,1.0076,0.8632615384615385,263.6,True
REG3G,Breast_GCST90018757,MR Egger,3,0.0818,0.0385,0.28,1.0852,1.0063,1.1703,,59.6,False
REG1B,Breast_GCST90018757,Wald ratio,1,0.0102,0.0096,0.287,1.0103,0.9915,1.0294,0.8632615384615385,44.5,True
GNLY,Breast_GCST90018757,Inverse variance weighted,2,0.0086,0.0087,0.321,1.0087,0.9916,1.026,0.8632615384615385,136.7,True
MELTF,Breast_GCST90018757,Wald ratio,1,0.0075,0.0075,0.32,1.0075,0.9928,1.0225,0.8632615384615385,105.3,True
TLR1,Breast_GCST90018757,Wald ratio,1,-0.0053,0.0055,0.334,0.9947,0.984,1.0055,0.8632615384615385,58.1,True
IGFBP7,Breast_GCST90018757,Wald ratio,1,0.0095,0.0097,0.328,1.0095,0.9905,1.029,0.8632615384615385,44.4,True
FBN2,Breast_GCST90018757,Wald ratio,1,0.0201,0.0207,0.331,1.0203,0.9798,1.0626,0.8632615384615385,34.4,True
IL12B,Breast_GCST90018757,Wald ratio,1,-0.0125,0.0113,0.269,0.9876,0.966,1.0097,0.8632615384615385,88.5,True
VNN1,Breast_GCST90018757,MR Egger,4,-0.0086,0.0066,0.323,0.9914,0.9786,1.0044,,212.9,False
VNN2,Breast_GCST90018757,Inverse variance weighted,2,-0.0047,0.0044,0.287,0.9953,0.9867,1.004,0.8632615384615385,147.4,True
LPA,Breast_GCST90018757,Inverse variance weighted,4,-0.0049,0.0047,0.296,0.9951,0.986,1.0043,0.8632615384615385,50.4,True
CRISP2,Breast_GCST90018757,Inverse variance weighted,2,0.0042,0.004,0.292,1.0042,0.9964,1.0121,0.8632615384615385,130.1,True
ACHE,Breast_GCST90018757,Wald ratio,1,0.0117,0.0117,0.318,1.0118,0.9888,1.0353,0.8632615384615385,52.8,True
NAPRT,Breast_GCST90018757,Wald ratio,1,0.0095,0.0091,0.298,1.0096,0.9916,1.0278,0.8632615384615385,33.0,True
PENK,Breast_GCST90018757,Wald ratio,1,0.0108,0.0108,0.315,1.0109,0.9898,1.0324,0.8632615384615385,31.0,True
PTGR1,Breast_GCST90018757,Wald ratio,1,0.0098,0.0101,0.331,1.0099,0.99,1.0302,0.8632615384615385,35.2,True
ABO,Breast_GCST90018757,Wald ratio,1,-0.0071,0.0071,0.317,0.9929,0.9792,1.0068,0.8632615384615385,400.0,True
CD274,Breast_GCST90018757,Wald ratio,1,0.0076,0.007,0.282,1.0076,0.9938,1.0216,0.8632615384615385,69.3,True
CRTAM,Breast_GCST90018757,Wald ratio,1,-0.0092,0.0098,0.346,0.9908,0.972,1.01,0.8897142857142857,42.8,True
NRCAM,Breast_GCST90018757,Wald ratio,1,-0.0105,0.0112,0.348,0.9896,0.9682,1.0115,0.8903147208121828,40.1,True
CD300LF,Breast_GCST90018757,Inverse variance weighted,2,-0.002,0.0022,0.354,0.998,0.9937,1.0023,0.89208,694.1,True
CR1,Breast_GCST90018757,Inverse variance weighted,2,-0.0057,0.0061,0.354,0.9943,0.9825,1.0063,0.89208,120.0,True
PARK7,Breast_GCST90018757,Wald ratio,1,0.0151,0.0162,0.352,1.0152,0.9834,1.0481,0.89208,53.4,True
CD6,Breast_GCST90018757,Inverse variance weighted,2,-0.0037,0.0041,0.365,0.9963,0.9884,1.0043,0.8949532710280375,209.4,True
CLSTN3,Breast_GCST90018757,Wald ratio,1,-0.0097,0.0111,0.38,0.9903,0.9691,1.012,0.8949532710280375,45.8,True
F7,Breast_GCST90018757,Wald ratio,1,-0.0093,0.0106,0.379,0.9907,0.9703,1.0115,0.8949532710280375,72.6,True
APOBR,Breast_GCST90018757,Wald ratio,1,-0.0041,0.0045,0.36,0.9959,0.9871,1.0047,0.8949532710280375,1421.3,True
LGALS9,Breast_GCST90018757,Wald ratio,1,0.0074,0.0083,0.375,1.0074,0.9911,1.0239,0.8949532710280375,65.7,True
SIGLEC5,Breast_GCST90018757,Wald ratio,1,-0.0067,0.0075,0.374,0.9934,0.9789,1.0081,0.8949532710280375,293.1,True
FCRL1,Breast_GCST90018757,Wald ratio,1,0.0078,0.0087,0.368,1.0078,0.9909,1.0251,0.8949532710280375,54.4,True
SLAMF7,Breast_GCST90018757,Wald ratio,1,0.0078,0.0085,0.364,1.0078,0.9911,1.0248,0.8949532710280375,114.9,True
TOR1AIP1,Breast_GCST90018757,Wald ratio,1,0.0034,0.0039,0.38,1.0034,0.9958,1.0112,0.8949532710280375,720.5,True
CFH,Breast_GCST90018757,Wald ratio,1,0.0134,0.0151,0.376,1.0135,0.9839,1.0439,0.8949532710280375,43.7,True
NMI,Breast_GCST90018757,Wald ratio,1,0.0055,0.0061,0.371,1.0055,0.9935,1.0176,0.8949532710280375,128.1,True
RNASET2,Breast_GCST90018757,Wald ratio,1,0.0078,0.0087,0.367,1.0079,0.9909,1.0252,0.8949532710280375,41.7,True
CPA4,Breast_GCST90018757,Wald ratio,1,0.0066,0.0074,0.371,1.0066,0.9922,1.0213,0.8949532710280375,87.8,True
LCN15,Breast_GCST90018757,Wald ratio,1,0.0056,0.0063,0.372,1.0056,0.9933,1.0181,0.8949532710280375,227.7,True
TPSAB1,Breast_GCST90018757,Wald ratio,1,0.092,0.1053,0.382,1.0964,0.8919,1.3477,0.8954790697674418,154.4,True
LRRN1,Breast_GCST90018757,Wald ratio,1,-0.0039,0.0045,0.386,0.9961,0.9874,1.0049,0.9006666666666667,249.6,True
TNFRSF13C,Breast_GCST90018757,Wald ratio,1,0.0041,0.0048,0.391,1.0041,0.9948,1.0135,0.9081290322580646,97.3,True
LAYN,Breast_GCST90018757,Wald ratio,1,0.0175,0.0206,0.394,1.0177,0.9774,1.0596,0.9108990825688075,48.4,True
SPINK1,Breast_GCST90018757,Wald ratio,1,0.0091,0.0108,0.396,1.0092,0.9881,1.0307,0.9113424657534247,47.9,True
MMP3,Breast_GCST90018757,Wald ratio,1,0.006,0.0072,0.401,1.0061,0.992,1.0203,0.9186545454545455,100.8,True
LPO,Breast_GCST90018757,Wald ratio,1,-0.0152,0.0182,0.404,0.9849,0.9504,1.0207,0.9213393665158371,30.8,True
TMEM132A,Breast_GCST90018757,Wald ratio,1,-0.0055,0.0066,0.406,0.9945,0.9817,1.0075,0.9217297297297299,120.3,True
CSF3R,Breast_GCST90018757,Inverse variance weighted,2,0.0039,0.0048,0.413,1.0039,0.9946,1.0134,0.9296,149.4,True
B4GALT1,Breast_GCST90018757,Wald ratio,1,-0.0053,0.0065,0.414,0.9947,0.982,1.0075,0.9296,35.6,True
PDCD1LG2,Breast_GCST90018757,Inverse variance weighted,2,0.0037,0.0046,0.415,1.0038,0.9948,1.0128,0.9296,102.8,True
IL17RB,Breast_GCST90018757,Wald ratio,1,-0.0071,0.0088,0.417,0.9929,0.9759,1.0101,0.9299469026548671,89.7,True
PPCDC,Breast_GCST90018757,Weighted median,3,0.003,0.0038,0.421,1.003,0.9957,1.0105,,94.4,False
PRND,Breast_GCST90018757,Wald ratio,1,0.0085,0.0106,0.419,1.0086,0.9879,1.0297,0.9302907488986784,38.6,True
NCAM1,Breast_GCST90018757,MR Egger,3,0.0961,0.0768,0.429,1.1009,0.9471,1.2797,,37.7,False
PZP,Breast_GCST90018757,Wald ratio,1,0.0077,0.0101,0.441,1.0078,0.9881,1.0278,0.9378227848101266,51.2,True
C1QTNF9,Breast_GCST90018757,Wald ratio,1,-0.0047,0.006,0.44,0.9953,0.9836,1.0072,0.9378227848101266,401.4,True
PCDH9,Breast_GCST90018757,Wald ratio,1,-0.0439,0.0561,0.434,0.9571,0.8574,1.0683,0.9378227848101266,39.9,True
SERPINA12,Breast_GCST90018757,Wald ratio,1,-0.0048,0.0061,0.438,0.9953,0.9834,1.0073,0.9378227848101266,148.7,True
CPPED1,Breast_GCST90018757,Wald ratio,1,0.003,0.0038,0.437,1.003,0.9955,1.0106,0.9378227848101266,199.9,True
IL4R,Breast_GCST90018757,Wald ratio,1,0.0089,0.0112,0.427,1.0089,0.9871,1.0313,0.9378227848101266,37.5,True
CELA2A,Breast_GCST90018757,Wald ratio,1,0.0143,0.0186,0.443,1.0144,0.9781,1.052,0.9381176470588235,35.7,True
FCRL2,Breast_GCST90018757,Wald ratio,1,0.0047,0.0061,0.437,1.0047,0.9929,1.0167,0.9378227848101266,106.1,True
LECT2,Breast_GCST90018757,Wald ratio,1,0.0023,0.003,0.438,1.0023,0.9965,1.0082,0.9378227848101266,1086.6,True
STX7,Breast_GCST90018757,Inverse variance weighted,2,-0.0045,0.0057,0.431,0.9955,0.9845,1.0067,0.9378227848101266,138.0,True
CCL24,Breast_GCST90018757,Inverse variance weighted,2,-0.004,0.005,0.423,0.996,0.9862,1.0058,0.9350526315789474,158.0,True
GFRA1,Breast_GCST90018757,Wald ratio,1,-0.0059,0.0121,0.625,0.9941,0.9709,1.0179,0.954525198938992,61.7,True
CPXM2,Breast_GCST90018757,Wald ratio,1,-0.0067,0.0088,0.451,0.9933,0.9763,1.0107,0.9431701244813278,105.6,True
MGMT,Breast_GCST90018757,Wald ratio,1,-0.0043,0.0105,0.684,0.9957,0.9755,1.0164,0.954525198938992,72.9,True
MBL2,Breast_GCST90018757,Inverse variance weighted,2,-0.0038,0.0054,0.484,0.9962,0.9857,1.0068,0.9494831460674157,247.8,True
LIPF,Breast_GCST90018757,Wald ratio,1,-0.0056,0.0099,0.572,0.9944,0.9753,1.0139,0.954525198938992,31.5,True
FGFBP3,Breast_GCST90018757,Wald ratio,1,0.0047,0.0097,0.626,1.0047,0.9859,1.024,0.954525198938992,61.1,True
TCTN3,Breast_GCST90018757,Wald ratio,1,-0.0037,0.0064,0.568,0.9963,0.9838,1.009,0.954525198938992,140.6,True
PTS,Breast_GCST90018757,Wald ratio,1,-0.0092,0.0155,0.554,0.9908,0.9612,1.0214,0.954525198938992,30.5,True
TMPRSS5,Breast_GCST90018757,Wald ratio,1,0.004,0.0057,0.485,1.004,0.9929,1.0152,0.9494831460674157,253.5,True
TREH,Breast_GCST90018757,Wald ratio,1,0.0029,0.0041,0.479,1.0029,0.9948,1.0111,0.9494831460674157,370.1,True
NUCB2,Breast_GCST90018757,Wald ratio,1,0.0028,0.0062,0.655,1.0028,0.9907,1.0149,0.954525198938992,188.9,True
SAA4,Breast_GCST90018757,Wald ratio,1,-0.0016,0.0045,0.712,0.9984,0.9896,1.0071,0.954525198938992,60.0,True
CD59,Breast_GCST90018757,Inverse variance weighted,2,-0.0035,0.0069,0.615,0.9965,0.9831,1.0101,0.954525198938992,41.5,True
CAT,Breast_GCST90018757,Wald ratio,1,0.0089,0.0121,0.465,1.0089,0.9852,1.0332,0.9452530120481929,40.9,True
PAMR1,Breast_GCST90018757,Wald ratio,1,-0.0045,0.0081,0.581,0.9955,0.9797,1.0115,0.954525198938992,50.6,True
CDHR5,Breast_GCST90018757,MR Egger,3,-0.0146,0.018,0.566,0.9855,0.9514,1.0209,,94.3,False
EPS8L2,Breast_GCST90018757,Wald ratio,1,-0.0037,0.0082,0.649,0.9963,0.9804,1.0124,0.954525198938992,38.1,True
FOLR3,Breast_GCST90018757,Inverse variance weighted,2,0.0042,0.0068,0.538,1.0042,0.9909,1.0177,0.954525198938992,404.7,True
STAB2,Breast_GCST90018757,Wald ratio,1,0.0042,0.0077,0.581,1.0042,0.9892,1.0195,0.954525198938992,44.0,True
PXN,Breast_GCST90018757,Wald ratio,1,0.0089,0.0241,0.71,1.009,0.9624,1.0578,0.954525198938992,126.4,True
ENDOU,Breast_GCST90018757,Wald ratio,1,-0.0074,0.0106,0.485,0.9926,0.9722,1.0135,0.9494831460674157,36.7,True
CLEC4C,Breast_GCST90018757,Inverse variance weighted,2,-0.0031,0.0066,0.635,0.9969,0.9841,1.0098,0.954525198938992,171.6,True
CLEC12A,Breast_GCST90018757,Wald ratio,1,0.0027,0.0055,0.626,1.0027,0.9919,1.0135,0.954525198938992,123.0,True
CPB2,Breast_GCST90018757,Wald ratio,1,0.0077,0.0105,0.466,1.0077,0.9871,1.0287,0.9452530120481929,35.0,True
AMN,Breast_GCST90018757,Wald ratio,1,-0.0062,0.0084,0.461,0.9938,0.9776,1.0103,0.9452530120481929,207.2,True
ANG,Breast_GCST90018757,Inverse variance weighted,3,0.0027,0.0043,0.528,1.0027,0.9943,1.0112,0.9538064516129033,74.5,True
ANG,Breast_GCST90018757,Weighted median,3,0.0018,0.0048,0.704,1.0018,0.9925,1.0112,,74.5,False
RNASE4,Breast_GCST90018757,Wald ratio,1,0.0053,0.0079,0.505,1.0053,0.9898,1.0211,0.9497014925373135,64.4,True
THTPA,Breast_GCST90018757,Wald ratio,1,0.0021,0.0033,0.528,1.0021,0.9956,1.0087,0.9538064516129033,167.4,True
TYRO3,Breast_GCST90018757,Inverse variance weighted,2,-0.0038,0.0092,0.68,0.9962,0.9784,1.0143,0.954525198938992,105.5,True
PPCDC,Breast_GCST90018757,MR Egger,3,-0.0294,0.041,0.604,0.9711,0.8961,1.0522,,94.4,False
CTSH,Breast_GCST90018757,MR Egger,3,-0.024,0.0295,0.565,0.9763,0.9215,1.0343,,292.5,False
IL16,Breast_GCST90018757,Wald ratio,1,0.003,0.004,0.463,1.003,0.9951,1.0109,0.9452530120481929,88.9,True
HBZ,Breast_GCST90018757,Inverse variance weighted,2,-0.0023,0.0034,0.512,0.9977,0.991,1.0045,0.9522066420664207,349.0,True
PRSS53,Breast_GCST90018757,MR Egger,4,-0.017,0.0189,0.464,0.9831,0.9473,1.0203,,103.8,False
NAGPA,Breast_GCST90018757,Inverse variance weighted,2,0.002,0.0039,0.608,1.002,0.9944,1.0097,0.954525198938992,40.1,True
MSLN,Breast_GCST90018757,Wald ratio,1,0.0031,0.005,0.533,1.0031,0.9933,1.0131,0.954525198938992,104.7,True
CA5A,Breast_GCST90018757,Wald ratio,1,0.0035,0.0067,0.602,1.0035,0.9904,1.0167,0.954525198938992,125.3,True
DPEP1,Breast_GCST90018757,Inverse variance weighted,2,-0.0027,0.0052,0.606,0.9973,0.9871,1.0076,0.954525198938992,243.1,True
SCARF1,Breast_GCST90018757,Wald ratio,1,-0.0054,0.008,0.503,0.9946,0.9792,1.0104,0.9494831460674157,142.6,True
ALDH3A1,Breast_GCST90018757,Wald ratio,1,0.0026,0.006,0.67,1.0026,0.9908,1.0145,0.954525198938992,115.6,True
CCL14,Breast_GCST90018757,Wald ratio,1,0.0033,0.0078,0.675,1.0033,0.988,1.0188,0.954525198938992,112.1,True
CCL23,Breast_GCST90018757,Wald ratio,1,0.0024,0.0045,0.583,1.0024,0.9937,1.0112,0.954525198938992,87.8,True
CCL18,Breast_GCST90018757,Wald ratio,1,0.004,0.0069,0.564,1.004,0.9905,1.0176,0.954525198938992,160.9,True
PYY,Breast_GCST90018757,Wald ratio,1,-0.0046,0.0109,0.673,0.9954,0.9744,1.0169,0.954525198938992,31.8,True
APOH,Breast_GCST90018757,Wald ratio,1,-0.0034,0.0072,0.635,0.9966,0.9825,1.0108,0.954525198938992,77.9,True
FAM20A,Breast_GCST90018757,Wald ratio,1,-0.0123,0.0225,0.584,0.9877,0.9451,1.0323,0.954525198938992,33.8,True
SDK2,Breast_GCST90018757,Wald ratio,1,-0.003,0.0075,0.689,0.997,0.9825,1.0118,0.954525198938992,74.5,True
CD300C,Breast_GCST90018757,Wald ratio,1,-0.0018,0.0048,0.711,0.9982,0.9888,1.0077,0.954525198938992,130.7,True
MEP1B,Breast_GCST90018757,Wald ratio,1,0.0021,0.0035,0.556,1.0021,0.9952,1.009,0.954525198938992,672.2,True
CLUL1,Breast_GCST90018757,Inverse variance weighted,2,0.0031,0.0051,0.548,1.0031,0.9931,1.0132,0.954525198938992,99.7,True
TNFRSF11A,Breast_GCST90018757,Wald ratio,1,0.004,0.0101,0.696,1.004,0.9843,1.024,0.954525198938992,48.1,True
MRI1,Breast_GCST90018757,Wald ratio,1,0.0052,0.0109,0.633,1.0052,0.984,1.0269,0.954525198938992,50.4,True
PGLYRP2,Breast_GCST90018757,Inverse variance weighted,2,0.0012,0.0024,0.616,1.0012,0.9965,1.0059,0.954525198938992,497.8,True
THOP1,Breast_GCST90018757,Wald ratio,1,0.005,0.0127,0.692,1.005,0.9804,1.0303,0.954525198938992,31.0,True
CEACAM21,Breast_GCST90018757,Wald ratio,1,-0.0057,0.0094,0.543,0.9943,0.9762,1.0127,0.954525198938992,727.7,True
KLK7,Breast_GCST90018757,Wald ratio,1,-0.0055,0.0081,0.503,0.9946,0.9788,1.0106,0.9494831460674157,59.2,True
SIGLEC8,Breast_GCST90018757,Inverse variance weighted,2,0.0018,0.0039,0.656,1.0018,0.9941,1.0095,0.954525198938992,119.8,True
OSCAR,Breast_GCST90018757,Wald ratio,1,0.0032,0.0081,0.697,1.0032,0.9874,1.0192,0.954525198938992,72.6,True
LILRA6,Breast_GCST90018757,Wald ratio,1,-0.0038,0.0051,0.456,0.9962,0.9864,1.0062,0.9452530120481929,325.9,True
LILRB2,Breast_GCST90018757,Wald ratio,1,0.0021,0.0044,0.63,1.0021,0.9935,1.0108,0.954525198938992,600.0,True
LILRA5,Breast_GCST90018757,Inverse variance weighted,2,0.0045,0.01,0.648,1.0046,0.9851,1.0244,0.954525198938992,48.9,True
LAIR2,Breast_GCST90018757,MR Egger,3,0.0144,0.0226,0.64,1.0145,0.9705,1.0605,,71.8,False
SSC5D,Breast_GCST90018757,Wald ratio,1,-0.0043,0.0084,0.605,0.9957,0.9795,1.0122,0.954525198938992,108.9,True
CCL25,Breast_GCST90018757,Wald ratio,1,-0.0035,0.0063,0.575,0.9965,0.9843,1.0088,0.954525198938992,192.1,True
AGRN,Breast_GCST90018757,Wald ratio,1,-0.0057,0.0147,0.699,0.9943,0.966,1.0234,0.954525198938992,37.6,True
AMY2A,Breast_GCST90018757,Wald ratio,1,-0.0036,0.0093,0.702,0.9965,0.9785,1.0147,0.954525198938992,54.8,True
CD160,Breast_GCST90018757,Wald ratio,1,0.0073,0.0106,0.491,1.0073,0.9866,1.0284,0.9494831460674157,49.0,True
IL6R,Breast_GCST90018757,Wald ratio,1,-0.0015,0.0032,0.633,0.9985,0.9922,1.0047,0.954525198938992,704.4,True
ADAM15,Breast_GCST90018757,Wald ratio,1,-0.0309,0.0718,0.667,0.9696,0.8424,1.116,0.954525198938992,181.6,True
FCRL5,Breast_GCST90018757,Wald ratio,1,-0.0051,0.0082,0.533,0.9949,0.9791,1.011,0.954525198938992,49.7,True
FCRL6,Breast_GCST90018757,Inverse variance weighted,2,-0.0021,0.0038,0.579,0.9979,0.9906,1.0053,0.954525198938992,176.4,True
FCGR2A,Breast_GCST90018757,Wald ratio,1,-0.0039,0.0078,0.623,0.9962,0.981,1.0116,0.954525198938992,98.1,True
DPT,Breast_GCST90018757,Wald ratio,1,-0.0067,0.0089,0.449,0.9933,0.9761,1.0108,0.9429,79.8,True
SELL,Breast_GCST90018757,Wald ratio,1,0.0068,0.0126,0.59,1.0068,0.9823,1.0319,0.954525198938992,84.7,True
TNR,Breast_GCST90018757,Wald ratio,1,-0.0032,0.0082,0.699,0.9968,0.9809,1.013,0.954525198938992,62.0,True
ANGPTL1,Breast_GCST90018757,Wald ratio,1,0.0079,0.0129,0.541,1.0079,0.9827,1.0338,0.954525198938992,37.6,True
AGT,Breast_GCST90018757,Wald ratio,1,-0.0069,0.0107,0.516,0.9931,0.9725,1.0141,0.9538064516129033,52.7,True
ROR1,Breast_GCST90018757,Wald ratio,1,-0.0031,0.007,0.658,0.9969,0.9833,1.0107,0.954525198938992,73.1,True
CA6,Breast_GCST90018757,Wald ratio,1,-0.0031,0.0057,0.59,0.9969,0.9859,1.0081,0.954525198938992,165.1,True
CST1,Breast_GCST90018757,Wald ratio,1,-0.0034,0.006,0.566,0.9966,0.985,1.0083,0.954525198938992,148.2,True
CST7,Breast_GCST90018757,Wald ratio,1,-0.0046,0.0118,0.696,0.9954,0.9727,1.0187,0.954525198938992,33.1,True
ATRN,Breast_GCST90018757,Wald ratio,1,0.0038,0.006,0.528,1.0038,0.9921,1.0156,0.9538064516129033,141.5,True
PROCR,Breast_GCST90018757,Wald ratio,1,0.0083,0.0163,0.611,1.0083,0.9767,1.041,0.954525198938992,38.6,True
NCAM2,Breast_GCST90018757,Inverse variance weighted,2,-0.0063,0.0102,0.539,0.9938,0.9742,1.0138,0.954525198938992,76.9,True
IL10RB,Breast_GCST90018757,Wald ratio,1,0.005,0.0084,0.554,1.005,0.9886,1.0216,0.954525198938992,111.8,True
IFNAR1,Breast_GCST90018757,Wald ratio,1,-0.0139,0.0372,0.71,0.9862,0.9168,1.0609,0.954525198938992,40.2,True
IFNGR2,Breast_GCST90018757,Wald ratio,1,-0.001,0.0026,0.713,0.999,0.9939,1.0042,0.954525198938992,587.2,True
TFF1,Breast_GCST90018757,Wald ratio,1,-0.0028,0.0068,0.684,0.9972,0.984,1.0106,0.954525198938992,51.8,True
PIK3IP1,Breast_GCST90018757,Wald ratio,1,0.0089,0.0125,0.477,1.0089,0.9845,1.0339,0.9494831460674157,31.8,True
TIMP3,Breast_GCST90018757,Wald ratio,1,-0.0061,0.0091,0.502,0.9939,0.9763,1.0118,0.9494831460674157,39.2,True
IL1RL2,Breast_GCST90018757,Inverse variance weighted,2,-0.0037,0.0053,0.479,0.9963,0.986,1.0067,0.9494831460674157,77.0,True
IL18R1,Breast_GCST90018757,Inverse variance weighted,2,0.0024,0.0055,0.665,1.0024,0.9916,1.0133,0.954525198938992,138.4,True
VSNL1,Breast_GCST90018757,Wald ratio,1,0.0138,0.0273,0.614,1.0138,0.9611,1.0695,0.954525198938992,48.3,True
MATN3,Breast_GCST90018757,Wald ratio,1,0.0054,0.0094,0.565,1.0054,0.9871,1.0241,0.954525198938992,81.5,True
CRYGD,Breast_GCST90018757,MR Egger,3,0.0135,0.0215,0.643,1.0136,0.9718,1.0572,,161.0,False
SERPINE2,Breast_GCST90018757,Wald ratio,1,0.0041,0.009,0.653,1.0041,0.9864,1.022,0.954525198938992,57.4,True
TP53I3,Breast_GCST90018757,Wald ratio,1,-0.0064,0.01,0.522,0.9936,0.9742,1.0133,0.9538064516129033,156.9,True
PLB1,Breast_GCST90018757,Wald ratio,1,-0.002,0.0051,0.696,0.998,0.9881,1.008,0.954525198938992,349.7,True
NAGK,Breast_GCST90018757,Wald ratio,1,0.0078,0.0115,0.497,1.0078,0.9854,1.0308,0.9494831460674157,49.6,True
CD8A,Breast_GCST90018757,Wald ratio,1,-0.0073,0.0135,0.59,0.9928,0.9669,1.0194,0.954525198938992,44.4,True
CRELD1,Breast_GCST90018757,Wald ratio,1,-0.0053,0.0079,0.502,0.9947,0.9793,1.0103,0.9494831460674157,145.6,True
CHL1,Breast_GCST90018757,Wald ratio,1,0.0103,0.0139,0.46,1.0103,0.9832,1.0383,0.9452530120481929,31.8,True
AHSG,Breast_GCST90018757,Wald ratio,1,-0.0027,0.0046,0.564,0.9973,0.9883,1.0064,0.954525198938992,360.7,True
HRG,Breast_GCST90018757,Wald ratio,1,0.0067,0.0091,0.462,1.0067,0.989,1.0248,0.9452530120481929,54.9,True
LRIG1,Breast_GCST90018757,Wald ratio,1,0.0023,0.0043,0.599,1.0023,0.9938,1.0108,0.954525198938992,202.9,True
BST1,Breast_GCST90018757,Inverse variance weighted,2,-0.0012,0.0032,0.714,0.9988,0.9926,1.0051,0.954525198938992,412.3,True
FGFBP2,Breast_GCST90018757,Wald ratio,1,-0.0033,0.0056,0.561,0.9967,0.9859,1.0078,0.954525198938992,115.5,True
CXCL6,Breast_GCST90018757,Wald ratio,1,0.0048,0.0104,0.642,1.0049,0.9845,1.0256,0.954525198938992,49.3,True
NAAA,Breast_GCST90018757,Wald ratio,1,-0.0024,0.0063,0.701,0.9976,0.9852,1.0101,0.954525198938992,109.9,True
SPARCL1,Breast_GCST90018757,Inverse variance weighted,2,-0.0031,0.0085,0.713,0.9969,0.9805,1.0136,0.954525198938992,241.7,True
TGFBI,Breast_GCST90018757,Wald ratio,1,-0.0022,0.0059,0.705,0.9978,0.9862,1.0094,0.954525198938992,147.3,True
PCDHB15,Breast_GCST90018757,Inverse variance weighted,2,-0.006,0.0144,0.675,0.994,0.9663,1.0225,0.954525198938992,55.5,True
SPINK6,Breast_GCST90018757,Inverse variance weighted,2,0.0043,0.0064,0.508,1.0043,0.9917,1.0171,0.9517918215613382,51.1,True
GM2A,Breast_GCST90018757,Wald ratio,1,-0.0041,0.008,0.608,0.9959,0.9804,1.0116,0.954525198938992,224.7,True
GALNT10,Breast_GCST90018757,Wald ratio,1,0.0121,0.0189,0.523,1.0121,0.9754,1.0503,0.9538064516129033,47.9,True
F12,Breast_GCST90018757,Inverse variance weighted,2,-0.0046,0.0084,0.589,0.9954,0.9791,1.0121,0.954525198938992,503.1,True
EGFLAM,Breast_GCST90018757,Wald ratio,1,0.0027,0.0071,0.7,1.0027,0.9889,1.0168,0.954525198938992,51.6,True
OSMR,Breast_GCST90018757,Wald ratio,1,0.0037,0.0072,0.607,1.0037,0.9896,1.0181,0.954525198938992,80.2,True
C7,Breast_GCST90018757,Wald ratio,1,0.0044,0.0115,0.702,1.0044,0.982,1.0274,0.954525198938992,30.8,True
MOCS2,Breast_GCST90018757,Wald ratio,1,-0.0376,0.0496,0.448,0.9631,0.8739,1.0614,0.9429,34.8,True
IL31RA,Breast_GCST90018757,MR Egger,3,-0.0125,0.0186,0.625,0.9876,0.9522,1.0243,,91.8,False
LRP11,Breast_GCST90018757,Wald ratio,1,0.0039,0.0066,0.558,1.0039,0.9909,1.017,0.954525198938992,130.7,True
ULBP2,Breast_GCST90018757,MR Egger,3,0.0104,0.0114,0.528,1.0105,0.9882,1.0333,,87.3,False
LPA,Breast_GCST90018757,MR Egger,4,-0.0162,0.0384,0.714,0.9839,0.9126,1.0608,,50.4,False
LPA,Breast_GCST90018757,Weighted median,4,-0.0033,0.006,0.579,0.9967,0.9851,1.0084,,50.4,False
SMOC2,Breast_GCST90018757,Inverse variance weighted,2,-0.0027,0.0068,0.688,0.9973,0.9842,1.0106,0.954525198938992,45.9,True
MDGA1,Breast_GCST90018757,Wald ratio,1,0.0022,0.0033,0.51,1.0022,0.9957,1.0087,0.9520000000000001,730.1,True
GLO1,Breast_GCST90018757,Wald ratio,1,-0.0078,0.0177,0.662,0.9923,0.9584,1.0273,0.954525198938992,54.6,True
TREML2,Breast_GCST90018757,Wald ratio,1,0.0035,0.0066,0.596,1.0035,0.9906,1.0166,0.954525198938992,71.1,True
GFRAL,Breast_GCST90018757,Inverse variance weighted,2,-0.0045,0.0093,0.628,0.9955,0.9774,1.0139,0.954525198938992,34.3,True
ADGRB3,Breast_GCST90018757,Inverse variance weighted,2,-0.0044,0.006,0.467,0.9956,0.984,1.0074,0.9452530120481929,217.5,True
NT5E,Breast_GCST90018757,Inverse variance weighted,2,-0.0047,0.0069,0.495,0.9953,0.9821,1.0088,0.9494831460674157,53.7,True
PILRB,Breast_GCST90018757,Inverse variance weighted,2,-0.0008,0.0022,0.702,0.9992,0.9948,1.0035,0.954525198938992,724.4,True
CNPY4,Breast_GCST90018757,Wald ratio,1,-0.0064,0.0149,0.666,0.9936,0.965,1.023,0.954525198938992,35.9,True
GPR37,Breast_GCST90018757,Wald ratio,1,-0.002,0.0051,0.689,0.998,0.9881,1.0079,0.954525198938992,125.2,True
PODXL,Breast_GCST90018757,Wald ratio,1,-0.0044,0.007,0.527,0.9956,0.9821,1.0093,0.9538064516129033,34.5,True
CPVL,Breast_GCST90018757,Wald ratio,1,-0.0027,0.0071,0.701,0.9973,0.9836,1.0112,0.954525198938992,114.2,True
CTSB,Breast_GCST90018757,Inverse variance weighted,2,-0.0028,0.0066,0.672,0.9972,0.9843,1.0102,0.954525198938992,88.6,True
FGL1,Breast_GCST90018757,MR Egger,3,0.0077,0.0103,0.591,1.0077,0.9876,1.0283,,141.1,False
TNFRSF10C,Breast_GCST90018757,Wald ratio,1,-0.008,0.0117,0.493,0.992,0.9696,1.015,0.9494831460674157,31.3,True
ANGPT2,Breast_GCST90018757,Wald ratio,1,-0.0201,0.0291,0.49,0.9801,0.9258,1.0376,0.9494831460674157,30.4,True
CRH,Breast_GCST90018757,Inverse variance weighted,2,0.0043,0.0095,0.651,1.0043,0.9858,1.0232,0.954525198938992,38.0,True
HMCN2,Breast_GCST90018757,Wald ratio,1,-0.0056,0.0084,0.503,0.9944,0.9782,1.0109,0.9494831460674157,120.6,True
AIF1L,Breast_GCST90018757,Wald ratio,1,0.01,0.0179,0.579,1.01,0.9751,1.0461,0.954525198938992,43.4,True
DBH,Breast_GCST90018757,Inverse variance weighted,2,0.0014,0.0036,0.695,1.0014,0.9943,1.0086,0.954525198938992,239.8,True
PAEP,Breast_GCST90018757,Wald ratio,1,-0.0051,0.0108,0.636,0.9949,0.974,1.0162,0.954525198938992,178.7,True
SPINK4,Breast_GCST90018757,Inverse variance weighted,2,-0.0019,0.0029,0.517,0.9981,0.9925,1.0038,0.9538064516129033,247.6,True
NUDT2,Breast_GCST90018757,Wald ratio,1,-0.1966,0.2741,0.473,0.8215,0.4801,1.4058,0.9494831460674157,36.8,True
IGFBPL1,Breast_GCST90018757,Inverse variance weighted,2,-0.0044,0.0061,0.472,0.9956,0.9838,1.0076,0.9494831460674157,57.4,True
GCNT1,Breast_GCST90018757,Wald ratio,1,-0.0044,0.0085,0.609,0.9956,0.9791,1.0124,0.954525198938992,39.2,True
KAZALD1,Breast_GCST90018757,Wald ratio,1,-0.0035,0.0161,0.826,0.9965,0.9656,1.0284,0.9548307692307691,55.3,True
PNLIPRP2,Breast_GCST90018757,Inverse variance weighted,2,0.0006,0.0026,0.814,1.0006,0.9955,1.0058,0.9548307692307691,642.9,True
IL15RA,Breast_GCST90018757,Wald ratio,1,-0.0069,0.0326,0.831,0.9931,0.9317,1.0585,0.9548307692307691,36.0,True
IL2RA,Breast_GCST90018757,Wald ratio,1,-0.0024,0.0095,0.803,0.9976,0.9792,1.0164,0.9548307692307691,56.5,True
CRTAC1,Breast_GCST90018757,Wald ratio,1,0.0029,0.0083,0.73,1.0029,0.9867,1.0192,0.9548307692307691,65.0,True
MMP10,Breast_GCST90018757,Wald ratio,1,0.0048,0.0161,0.764,1.0048,0.9737,1.037,0.9548307692307691,43.4,True
MMP1,Breast_GCST90018757,Wald ratio,1,0.0019,0.0106,0.857,1.0019,0.9813,1.023,0.9548307692307691,39.4,True
NCAM1,Breast_GCST90018757,Weighted median,3,0.0018,0.0081,0.827,1.0018,0.986,1.0178,,37.7,False
ADAMTS8,Breast_GCST90018757,Wald ratio,1,-0.0039,0.0141,0.782,0.9961,0.9691,1.0239,0.9548307692307691,72.4,True
CDHR5,Breast_GCST90018757,Inverse variance weighted,3,0.0012,0.0038,0.753,1.0012,0.9937,1.0088,0.9548307692307691,94.3,True
SMPD1,Breast_GCST90018757,Wald ratio,1,-0.0024,0.01,0.811,0.9976,0.9782,1.0174,0.9548307692307691,61.6,True
CYB5R2,Breast_GCST90018757,Wald ratio,1,-0.0027,0.0126,0.828,0.9973,0.973,1.0222,0.9548307692307691,36.0,True
CNTN5,Breast_GCST90018757,Wald ratio,1,0.0431,0.2348,0.854,1.0441,0.659,1.6542,0.9548307692307691,58.8,True
KLRK1,Breast_GCST90018757,Wald ratio,1,-0.0027,0.0078,0.73,0.9973,0.9822,1.0127,0.9548307692307691,75.0,True
VSIG10,Breast_GCST90018757,Inverse variance weighted,2,0.0008,0.004,0.833,1.0008,0.9931,1.0087,0.9548307692307691,194.4,True
PTPRB,Breast_GCST90018757,Inverse variance weighted,2,-0.0029,0.015,0.844,0.9971,0.9682,1.0267,0.9548307692307691,57.9,True
GLIPR1,Breast_GCST90018757,Wald ratio,1,0.0023,0.0107,0.832,1.0023,0.9814,1.0236,0.9548307692307691,33.3,True
CLEC4D,Breast_GCST90018757,Wald ratio,1,-0.0036,0.0141,0.799,0.9964,0.9694,1.0243,0.9548307692307691,68.7,True
GGACT,Breast_GCST90018757,Inverse variance weighted,2,0.0017,0.0076,0.825,1.0017,0.9869,1.0167,0.9548307692307691,66.3,True
RNASE6,Breast_GCST90018757,Wald ratio,1,-0.004,0.0126,0.752,0.996,0.9716,1.021,0.9548307692307691,35.5,True
EDDM3B,Breast_GCST90018757,Wald ratio,1,-0.0016,0.0077,0.839,0.9984,0.9834,1.0136,0.9548307692307691,61.8,True
GZMB,Breast_GCST90018757,Wald ratio,1,-0.0038,0.0134,0.776,0.9962,0.9704,1.0227,0.9548307692307691,33.1,True
COCH,Breast_GCST90018757,Wald ratio,1,-0.0017,0.0095,0.855,0.9983,0.9798,1.0171,0.9548307692307691,49.5,True
ATXN3,Breast_GCST90018757,Wald ratio,1,0.0013,0.007,0.859,1.0013,0.9875,1.0151,0.9548307692307691,63.1,True
SCG3,Breast_GCST90018757,Wald ratio,1,-0.0011,0.0054,0.836,0.9989,0.9885,1.0094,0.9548307692307691,94.1,True
CCL16,Breast_GCST90018757,Wald ratio,1,0.0016,0.0055,0.777,1.0016,0.9909,1.0124,0.9548307692307691,154.7,True
WFIKKN2,Breast_GCST90018757,Wald ratio,1,-0.001,0.0051,0.841,0.999,0.989,1.0091,0.9548307692307691,164.3,True
SAT2,Breast_GCST90018757,Wald ratio,1,0.0029,0.0092,0.756,1.0029,0.9849,1.0212,0.9548307692307691,40.5,True
ASPSCR1,Breast_GCST90018757,Wald ratio,1,0.0024,0.0122,0.844,1.0024,0.9788,1.0266,0.9548307692307691,34.6,True
GRP,Breast_GCST90018757,Inverse variance weighted,2,-0.0023,0.0085,0.782,0.9977,0.9812,1.0144,0.9548307692307691,55.6,True
SERPINB8,Breast_GCST90018757,Inverse variance weighted,2,-0.002,0.011,0.859,0.998,0.9768,1.0198,0.9548307692307691,121.3,True
ADAMTSL5,Breast_GCST90018757,Wald ratio,1,-0.003,0.0083,0.72,0.997,0.9809,1.0134,0.9548307692307691,63.6,True
PINLYP,Breast_GCST90018757,Wald ratio,1,0.0019,0.0067,0.772,1.0019,0.9889,1.0151,0.9548307692307691,352.7,True
CEACAM16,Breast_GCST90018757,Wald ratio,1,0.0021,0.0065,0.743,1.0021,0.9895,1.0149,0.9548307692307691,37.1,True
HSD17B14,Breast_GCST90018757,Wald ratio,1,-0.0019,0.0088,0.828,0.9981,0.9809,1.0155,0.9548307692307691,97.3,True
DKKL1,Breast_GCST90018757,Wald ratio,1,0.0008,0.0029,0.786,1.0008,0.9951,1.0065,0.9548307692307691,470.7,True
LILRB5,Breast_GCST90018757,Wald ratio,1,0.001,0.0058,0.862,1.001,0.9897,1.0125,0.9548307692307691,820.7,True
LAIR1,Breast_GCST90018757,Wald ratio,1,0.0022,0.0067,0.739,1.0022,0.9892,1.0154,0.9548307692307691,80.0,True
LILRA2,Breast_GCST90018757,Wald ratio,1,0.0008,0.0037,0.827,1.0008,0.9936,1.0081,0.9548307692307691,175.1,True
FCAR,Breast_GCST90018757,Wald ratio,1,-0.0017,0.0056,0.761,0.9983,0.9874,1.0093,0.9548307692307691,146.9,True
GP6,Breast_GCST90018757,Wald ratio,1,0.0068,0.0201,0.736,1.0068,0.9679,1.0473,0.9548307692307691,71.1,True
TNFSF14,Breast_GCST90018757,Wald ratio,1,-0.0028,0.0095,0.767,0.9972,0.9787,1.016,0.9548307692307691,41.5,True
ACP6,Breast_GCST90018757,Wald ratio,1,-0.0012,0.0042,0.769,0.9988,0.9907,1.0069,0.9548307692307691,403.2,True
HDGF,Breast_GCST90018757,Wald ratio,1,0.0008,0.0045,0.861,1.0008,0.992,1.0097,0.9548307692307691,649.3,True
FCGR3B,Breast_GCST90018757,Inverse variance weighted,2,0.0021,0.0089,0.817,1.0021,0.9848,1.0196,0.9548307692307691,100.9,True
CFHR4,Breast_GCST90018757,Inverse variance weighted,2,-0.001,0.0058,0.858,0.999,0.9876,1.0104,0.9548307692307691,143.3,True
PLA2G2A,Breast_GCST90018757,Wald ratio,1,-0.0033,0.0095,0.727,0.9967,0.9782,1.0155,0.9548307692307691,44.0,True
EVI5,Breast_GCST90018757,Wald ratio,1,0.0121,0.035,0.729,1.0122,0.9451,1.0841,0.9548307692307691,41.9,True
WFDC12,Breast_GCST90018757,Wald ratio,1,-0.0034,0.0113,0.763,0.9966,0.9748,1.0189,0.9548307692307691,42.8,True
CHGB,Breast_GCST90018757,Wald ratio,1,-0.0017,0.0058,0.764,0.9983,0.987,1.0096,0.9548307692307691,126.0,True
IL17RA,Breast_GCST90018757,Wald ratio,1,0.0029,0.0093,0.757,1.0029,0.9847,1.0214,0.9548307692307691,132.7,True
GSTT2B,Breast_GCST90018757,Wald ratio,1,0.0015,0.0081,0.856,1.0015,0.9856,1.0176,0.9548307692307691,222.1,True
PVALB,Breast_GCST90018757,Wald ratio,1,-0.003,0.0089,0.737,0.997,0.9798,1.0145,0.9548307692307691,86.7,True
NPTXR,Breast_GCST90018757,Wald ratio,1,-0.0012,0.005,0.816,0.9988,0.9891,1.0087,0.9548307692307691,174.0,True
HNMT,Breast_GCST90018757,Inverse variance weighted,2,0.0017,0.0055,0.758,1.0017,0.991,1.0125,0.9548307692307691,295.7,True
TFPI,Breast_GCST90018757,Wald ratio,1,0.0033,0.0127,0.791,1.0034,0.9788,1.0285,0.9548307692307691,61.7,True
B3GNT7,Breast_GCST90018757,Wald ratio,1,-0.001,0.0046,0.83,0.999,0.9901,1.008,0.9548307692307691,355.2,True
GPC1,Breast_GCST90018757,Wald ratio,1,0.0033,0.0172,0.849,1.0033,0.9701,1.0376,0.9548307692307691,33.0,True
AGXT,Breast_GCST90018757,Wald ratio,1,0.0026,0.0111,0.815,1.0026,0.9811,1.0246,0.9548307692307691,44.3,True
MCFD2,Breast_GCST90018757,Wald ratio,1,-0.0024,0.0107,0.825,0.9976,0.9769,1.0188,0.9548307692307691,41.7,True
CD200R1,Breast_GCST90018757,Inverse variance weighted,2,-0.0006,0.0022,0.8,0.9994,0.9951,1.0038,0.9548307692307691,110.8,True
CLSTN2,Breast_GCST90018757,Wald ratio,1,-0.0038,0.0113,0.737,0.9962,0.9744,1.0185,0.9548307692307691,33.5,True
SERPINI1,Breast_GCST90018757,Wald ratio,1,-0.0019,0.0085,0.822,0.9981,0.9817,1.0148,0.9548307692307691,56.8,True
DCBLD2,Breast_GCST90018757,Wald ratio,1,0.0062,0.0184,0.737,1.0062,0.9705,1.0432,0.9548307692307691,44.2,True
ENPP6,Breast_GCST90018757,Wald ratio,1,0.0012,0.0049,0.803,1.0012,0.9917,1.0108,0.9548307692307691,47.5,True
F11,Breast_GCST90018757,Wald ratio,1,-0.0026,0.0088,0.767,0.9974,0.9804,1.0147,0.9548307692307691,60.6,True
CDH6,Breast_GCST90018757,Inverse variance weighted,2,-0.0041,0.0136,0.764,0.9959,0.9698,1.0228,0.9548307692307691,47.8,True
IL7R,Breast_GCST90018757,Inverse variance weighted,2,-0.0011,0.0039,0.774,0.9989,0.9913,1.0065,0.9548307692307691,276.6,True
IGF2R,Breast_GCST90018757,Wald ratio,1,0.0017,0.0074,0.824,1.0017,0.9872,1.0164,0.9548307692307691,47.1,True
THBS2,Breast_GCST90018757,Inverse variance weighted,2,0.0158,0.0551,0.774,1.0159,0.912,1.1316,0.9548307692307691,68.7,True
ENPP5,Breast_GCST90018757,Wald ratio,1,0.0012,0.0039,0.759,1.0012,0.9935,1.009,0.9548307692307691,326.9,True
CD109,Breast_GCST90018757,Wald ratio,1,-0.0008,0.0036,0.828,0.9992,0.9921,1.0063,0.9548307692307691,392.7,True
PILRA,Breast_GCST90018757,Wald ratio,1,-0.0007,0.0037,0.858,0.9993,0.9922,1.0065,0.9548307692307691,409.2,True
PON2,Breast_GCST90018757,Wald ratio,1,0.0012,0.0056,0.826,1.0012,0.9904,1.0122,0.9548307692307691,261.6,True
LY6D,Breast_GCST90018757,Inverse variance weighted,2,-0.0026,0.0096,0.787,0.9974,0.9789,1.0163,0.9548307692307691,74.5,True
FGL1,Breast_GCST90018757,Inverse variance weighted,3,0.0009,0.0036,0.796,1.0009,0.9939,1.008,0.9548307692307691,141.1,True
FGL1,Breast_GCST90018757,Weighted median,3,0.0009,0.004,0.83,1.0009,0.9931,1.0087,,141.1,False
MATN2,Breast_GCST90018757,Wald ratio,1,-0.0031,0.0103,0.76,0.9969,0.977,1.0172,0.9548307692307691,59.4,True
SH3GLB2,Breast_GCST90018757,Wald ratio,1,-0.0035,0.0112,0.755,0.9965,0.9749,1.0186,0.9548307692307691,37.3,True
FCN1,Breast_GCST90018757,Wald ratio,1,-0.0023,0.0073,0.75,0.9977,0.9836,1.012,0.9548307692307691,80.2,True
FLRT2,Breast_GCST90018757,Inverse variance weighted,2,0.0015,0.0089,0.868,1.0015,0.9841,1.0192,0.9562794759825327,59.6,True
ACE,Breast_GCST90018757,Wald ratio,1,-0.0007,0.0043,0.869,0.9993,0.9908,1.0078,0.9562794759825327,305.9,True
DSCAM,Breast_GCST90018757,Wald ratio,1,0.0013,0.008,0.866,1.0013,0.9859,1.0171,0.9562794759825327,65.9,True
CELSR2,Breast_GCST90018757,Wald ratio,1,-0.002,0.0124,0.873,0.998,0.9742,1.0225,0.9585882352941177,67.8,True
KLRD1,Breast_GCST90018757,Wald ratio,1,-0.0013,0.0086,0.884,0.9987,0.9821,1.0157,0.9592258064516129,73.6,True
CCL8,Breast_GCST90018757,Wald ratio,1,-0.0006,0.0038,0.885,0.9994,0.992,1.007,0.9592258064516129,234.6,True
MYOC,Breast_GCST90018757,Wald ratio,1,-0.0016,0.0114,0.885,0.9984,0.9763,1.0209,0.9592258064516129,35.0,True
OPTC,Breast_GCST90018757,Inverse variance weighted,2,0.0029,0.0196,0.881,1.0029,0.9651,1.0423,0.9592258064516129,33.8,True
CNTN2,Breast_GCST90018757,Inverse variance weighted,2,0.0007,0.0047,0.885,1.0007,0.9914,1.01,0.9592258064516129,253.6,True
IGFBP3,Breast_GCST90018757,Wald ratio,1,-0.0015,0.0102,0.882,0.9985,0.9788,1.0186,0.9592258064516129,46.4,True
KLK15,Breast_GCST90018757,Wald ratio,1,-0.001,0.0075,0.897,0.999,0.9844,1.0139,0.9609171974522293,107.2,True
KLK12,Breast_GCST90018757,Wald ratio,1,-0.0005,0.0033,0.89,0.9995,0.993,1.0061,0.9609171974522293,926.3,True
TIMP4,Breast_GCST90018757,Inverse variance weighted,2,0.0009,0.0068,0.898,1.0009,0.9876,1.0143,0.9609171974522293,57.3,True
CLGN,Breast_GCST90018757,Inverse variance weighted,2,0.0005,0.0036,0.893,1.0005,0.9935,1.0075,0.9609171974522293,144.4,True
MAN2B2,Breast_GCST90018757,Wald ratio,1,0.0006,0.0043,0.896,1.0006,0.9921,1.0091,0.9609171974522293,367.1,True
ENPP2,Breast_GCST90018757,Wald ratio,1,-0.0011,0.0085,0.892,0.9989,0.9824,1.0156,0.9609171974522293,56.7,True
NELL1,Breast_GCST90018757,Inverse variance weighted,2,-0.0008,0.0065,0.903,0.9992,0.9866,1.012,0.9642203389830509,39.3,True
IL31RA,Breast_GCST90018757,Weighted median,3,-0.0006,0.0046,0.901,0.9994,0.9904,1.0085,,91.8,False
IL31RA,Breast_GCST90018757,Inverse variance weighted,3,-0.0005,0.0045,0.905,0.9995,0.9907,1.0083,0.9643128964059197,91.8,True
NCAM1,Breast_GCST90018757,Inverse variance weighted,3,0.0009,0.0077,0.911,1.0009,0.9858,1.0162,0.966618947368421,37.7,True
PPCDC,Breast_GCST90018757,Inverse variance weighted,3,0.0007,0.0062,0.91,1.0007,0.9887,1.0129,0.966618947368421,94.4,True
C8B,Breast_GCST90018757,Wald ratio,1,-0.0008,0.0071,0.916,0.9992,0.9854,1.0133,0.9698823529411765,83.9,True
CHIT1,Breast_GCST90018757,Inverse variance weighted,3,-0.0003,0.0029,0.919,0.9997,0.994,1.0054,0.9710188679245284,192.8,True
CHIT1,Breast_GCST90018757,MR Egger,3,0.0017,0.0133,0.92,1.0017,0.9759,1.0282,,192.8,False
ALPP,Breast_GCST90018757,Inverse variance weighted,2,-0.0005,0.0054,0.922,0.9995,0.989,1.01,0.9717782340862422,64.0,True
COL2A1,Breast_GCST90018757,Wald ratio,1,-0.0007,0.0078,0.928,0.9993,0.9842,1.0146,0.9717782340862422,105.7,True
C1R,Breast_GCST90018757,Wald ratio,1,0.0013,0.0157,0.932,1.0013,0.971,1.0327,0.9717782340862422,42.5,True
SERPINA9,Breast_GCST90018757,Wald ratio,1,-0.0007,0.0084,0.935,0.9993,0.983,1.0159,0.9717782340862422,52.0,True
CTSH,Breast_GCST90018757,Inverse variance weighted,3,-0.0002,0.0025,0.939,0.9998,0.995,1.0047,0.9717782340862422,292.5,True
KLK14,Breast_GCST90018757,Wald ratio,1,-0.0016,0.021,0.941,0.9984,0.9582,1.0404,0.9718524590163934,35.2,True
PRELP,Breast_GCST90018757,Wald ratio,1,-0.001,0.0121,0.932,0.999,0.9755,1.023,0.9717782340862422,31.1,True
MASP1,Breast_GCST90018757,Wald ratio,1,-0.0011,0.0141,0.935,0.9989,0.9716,1.0268,0.9717782340862422,32.2,True
SCARB2,Breast_GCST90018757,Wald ratio,1,-0.0008,0.0098,0.933,0.9992,0.9802,1.0185,0.9717782340862422,36.7,True
CRISP3,Breast_GCST90018757,Wald ratio,1,-0.0006,0.0074,0.938,0.9994,0.985,1.0141,0.9717782340862422,167.1,True
MEGF9,Breast_GCST90018757,Wald ratio,1,-0.0006,0.0081,0.936,0.9994,0.9836,1.0154,0.9717782340862422,51.9,True
BCAT1,Breast_GCST90018757,Wald ratio,1,-0.0008,0.0132,0.951,0.9992,0.9736,1.0254,0.9761792260692463,66.3,True
ANG,Breast_GCST90018757,MR Egger,3,-0.002,0.0256,0.95,0.998,0.9492,1.0493,,74.5,False
CTBS,Breast_GCST90018757,Wald ratio,1,-0.0003,0.0045,0.951,0.9997,0.9909,1.0086,0.9761792260692463,62.0,True
IL5RA,Breast_GCST90018757,Wald ratio,1,-0.0009,0.0139,0.948,0.9991,0.9722,1.0267,0.9761792260692463,32.4,True
CDHR5,Breast_GCST90018757,Weighted median,3,-0.0002,0.0042,0.967,0.9998,0.9915,1.0082,,94.3,False
TCN1,Breast_GCST90018757,Inverse variance weighted,2,-0.0005,0.0125,0.968,0.9995,0.9753,1.0243,0.9836129032258064,59.5,True
KLK13,Breast_GCST90018757,Wald ratio,1,-0.0003,0.0068,0.968,0.9997,0.9865,1.0131,0.9836129032258064,92.5,True
PROK1,Breast_GCST90018757,Inverse variance weighted,2,0.0006,0.0129,0.961,1.0006,0.9756,1.0263,0.9824421906693712,108.3,True
CD48,Breast_GCST90018757,Wald ratio,1,-0.0004,0.0073,0.958,0.9996,0.9854,1.0141,0.9813658536585366,76.7,True
CHIT1,Breast_GCST90018757,Weighted median,3,-0.0001,0.003,0.96,0.9999,0.9941,1.0057,,192.8,False
PDGFRB,Breast_GCST90018757,Inverse variance weighted,2,-0.0001,0.0023,0.963,0.9999,0.9954,1.0044,0.982493927125506,981.6,True
PSAPL1,Breast_GCST90018757,Inverse variance weighted,2,-0.0002,0.006,0.974,0.9998,0.9882,1.0116,0.987718309859155,129.4,True
NID2,Breast_GCST90018757,Wald ratio,1,0.0002,0.0075,0.983,1.0002,0.9856,1.0149,0.9928496993987976,91.0,True
ECM1,Breast_GCST90018757,Wald ratio,1,-0.0001,0.0057,0.981,0.9999,0.9887,1.0111,0.9928192771084337,188.9,True
C1S,Breast_GCST90018757,Wald ratio,1,0.0001,0.0087,0.991,1.0001,0.9832,1.0173,0.9959521912350598,146.6,True
CTSH,Breast_GCST90018757,Weighted median,3,0.0,0.0028,0.989,1.0,0.9945,1.0056,,292.5,False
ACP5,Breast_GCST90018757,Wald ratio,1,-0.0002,0.0141,0.987,0.9998,0.9726,1.0277,0.994896,32.6,True
GC,Breast_GCST90018757,Inverse variance weighted,2,0.0,0.0023,0.992,1.0,0.9954,1.0046,0.9959521912350598,747.5,True
SERPINA4,Breast_GCST90018757,Wald ratio,1,0.0,0.0086,0.998,1.0,0.9833,1.017,0.998,61.5,True
HSDL2,Breast_GCST90018757,Wald ratio,1,0.0,0.0033,0.996,1.0,0.9936,1.0065,0.9979801192842942,685.0,True
ABO,Endometrial_GCST006464,Inverse variance weighted,2,0.0474,0.0103,4.38e-06,1.0486,1.0276,1.07,0.0026893200000000003,1069.2,True
LCP1,Endometrial_GCST006464,Wald ratio,1,0.0566,0.0177,0.00134,1.0583,1.0223,1.0955,0.16987333333333332,289.6,True
CD300LF,Endometrial_GCST006464,Inverse variance weighted,2,0.0388,0.0115,0.00078,1.0395,1.0163,1.0633,0.16987333333333332,694.1,True
GRP,Endometrial_GCST006464,Inverse variance weighted,2,-0.0876,0.0276,0.0015,0.9161,0.8679,0.967,0.16987333333333332,55.6,True
CNTN2,Endometrial_GCST006464,Inverse variance weighted,2,-0.0451,0.0144,0.00166,0.9559,0.9293,0.9831,0.16987333333333332,253.6,True
IGF2R,Endometrial_GCST006464,Wald ratio,1,0.1297,0.0399,0.00115,1.1385,1.0529,1.231,0.16987333333333332,47.1,True
MMP10,Endometrial_GCST006464,Wald ratio,1,-0.12,0.0395,0.00235,0.8869,0.8209,0.9582,0.1803625,43.4,True
APOBR,Endometrial_GCST006464,Wald ratio,1,-0.041,0.0133,0.00209,0.9598,0.9351,0.9852,0.1803625,1421.3,True
APOE,Endometrial_GCST006464,Wald ratio,1,0.0573,0.0191,0.00265,1.059,1.0201,1.0994,0.1807888888888889,321.0,True
TF,Endometrial_GCST006464,Wald ratio,1,-0.1192,0.0424,0.00488,0.8876,0.8169,0.9644,0.2723927272727273,38.0,True
PDCD1LG2,Endometrial_GCST006464,Inverse variance weighted,2,0.0556,0.0198,0.00488,1.0572,1.017,1.0989,0.2723927272727273,102.8,True
MIA,Endometrial_GCST006464,Wald ratio,1,-0.0683,0.0248,0.00583,0.934,0.8898,0.9805,0.2983016666666667,383.8,True
KLRK1,Endometrial_GCST006464,Wald ratio,1,0.0865,0.0318,0.00649,1.0903,1.0245,1.1604,0.3065276923076923,75.0,True
CST1,Endometrial_GCST006464,Wald ratio,1,0.0619,0.0234,0.00821,1.0639,1.0161,1.1139,0.36006714285714286,148.2,True
IDUA,Endometrial_GCST006464,Wald ratio,1,0.0753,0.0288,0.00889,1.0782,1.0191,1.1407,0.36389733333333335,86.9,True
GNLY,Endometrial_GCST006464,Inverse variance weighted,2,0.05,0.0195,0.0104,1.0512,1.0118,1.0922,0.39909999999999995,136.7,True
TPSAB1,Endometrial_GCST006464,Weighted median,3,-0.0499,0.0199,0.0119,0.9513,0.915,0.9891,,87.9,False
SHMT1,Endometrial_GCST006464,Wald ratio,1,-0.0836,0.035,0.017,0.9198,0.8588,0.9852,0.461728,69.8,True
PTPRS,Endometrial_GCST006464,Wald ratio,1,0.1912,0.0774,0.0135,1.2107,1.0403,1.4089,0.461728,38.7,True
CELSR2,Endometrial_GCST006464,Wald ratio,1,0.0809,0.0333,0.015,1.0843,1.0158,1.1574,0.461728,67.8,True
CD160,Endometrial_GCST006464,Wald ratio,1,-0.096,0.04,0.0165,0.9085,0.8399,0.9826,0.461728,49.0,True
PROCR,Endometrial_GCST006464,Wald ratio,1,0.1284,0.0523,0.014,1.1371,1.0263,1.2598,0.461728,38.6,True
FAM3B,Endometrial_GCST006464,Inverse variance weighted,2,-0.04,0.0168,0.0175,0.9608,0.9296,0.993,0.461728,123.7,True
LRIG1,Endometrial_GCST006464,Wald ratio,1,-0.0454,0.0193,0.0187,0.9556,0.92,0.9925,0.461728,202.9,True
TNFRSF10A,Endometrial_GCST006464,Inverse variance weighted,2,-0.0575,0.0237,0.0155,0.9441,0.9012,0.9891,0.461728,66.4,True
SCARA5,Endometrial_GCST006464,Wald ratio,1,-0.1183,0.0503,0.0188,0.8885,0.805,0.9806,0.461728,31.2,True
SNCG,Endometrial_GCST006464,Wald ratio,1,0.0349,0.0155,0.024,1.0355,1.0046,1.0674,0.48723870967741933,409.9,True
ANG,Endometrial_GCST006464,Inverse variance weighted,3,0.0428,0.019,0.0238,1.0438,1.0057,1.0833,0.48723870967741933,74.5,True
CD177,Endometrial_GCST006464,Inverse variance weighted,3,-0.0544,0.0237,0.0216,0.9471,0.9041,0.992,0.48723870967741933,139.9,True
TNFRSF6B,Endometrial_GCST006464,Wald ratio,1,-0.0862,0.0377,0.0223,0.9174,0.8521,0.9878,0.48723870967741933,52.5,True
HRG,Endometrial_GCST006464,Inverse variance weighted,2,0.0609,0.0271,0.0246,1.0628,1.0078,1.1208,0.48723870967741933,52.2,True
NAPRT,Endometrial_GCST006464,Wald ratio,1,-0.1099,0.0489,0.0245,0.8959,0.8141,0.986,0.48723870967741933,33.0,True
HBZ,Endometrial_GCST006464,Inverse variance weighted,2,0.0322,0.0149,0.0307,1.0327,1.003,1.0632,0.5277081081081082,349.0,True
CD177,Endometrial_GCST006464,Weighted median,3,-0.0573,0.0262,0.029,0.9443,0.897,0.9942,,139.9,False
CFHR4,Endometrial_GCST006464,Inverse variance weighted,3,0.0322,0.0148,0.0298,1.0327,1.0032,1.0632,0.5277081081081082,139.4,True
COMT,Endometrial_GCST006464,Wald ratio,1,-0.0581,0.027,0.0318,0.9436,0.8949,0.9949,0.5277081081081082,115.0,True
PDGFRB,Endometrial_GCST006464,Wald ratio,1,-0.0304,0.014,0.0304,0.9701,0.9437,0.9971,0.5277081081081082,919.8,True
CD2AP,Endometrial_GCST006464,Wald ratio,1,-0.064,0.0297,0.0313,0.938,0.885,0.9943,0.5277081081081082,93.1,True
LY6D,Endometrial_GCST006464,Inverse variance weighted,2,0.0523,0.0236,0.0268,1.0537,1.006,1.1036,0.514225,74.5,True
PBLD,Endometrial_GCST006464,Wald ratio,1,-0.0739,0.0355,0.0376,0.9288,0.8663,0.9958,0.536893023255814,74.8,True
SPON1,Endometrial_GCST006464,Wald ratio,1,0.0997,0.0475,0.0357,1.1049,1.0067,1.2126,0.536893023255814,34.6,True
CLEC1A,Endometrial_GCST006464,Wald ratio,1,0.1405,0.067,0.0361,1.1509,1.0092,1.3125,0.536893023255814,41.9,True
LILRB5,Endometrial_GCST006464,Inverse variance weighted,2,-0.0217,0.0104,0.036,0.9785,0.9588,0.9986,0.536893023255814,891.6,True
DPT,Endometrial_GCST006464,Wald ratio,1,0.0742,0.0356,0.0371,1.0771,1.0044,1.155,0.536893023255814,79.8,True
CFHR4,Endometrial_GCST006464,Weighted median,3,0.0339,0.0163,0.0375,1.0345,1.002,1.068,,139.4,False
ARSA,Endometrial_GCST006464,Wald ratio,1,0.0543,0.0258,0.0355,1.0558,1.0037,1.1105,0.536893023255814,32.7,True
ENTPD5,Endometrial_GCST006464,Wald ratio,1,-0.0756,0.0366,0.0387,0.9272,0.863,0.9961,0.5400409090909091,73.1,True
CCL14,Endometrial_GCST006464,Wald ratio,1,0.0672,0.0327,0.0396,1.0695,1.0032,1.1402,0.54032,112.1,True
CDH23,Endometrial_GCST006464,Inverse variance weighted,2,-0.0586,0.029,0.0434,0.9431,0.891,0.9983,0.5465803921568628,38.7,True
TCTN3,Endometrial_GCST006464,Wald ratio,1,0.0505,0.0252,0.0451,1.0518,1.0011,1.1051,0.5465803921568628,140.6,True
ANG,Endometrial_GCST006464,Weighted median,3,0.0448,0.022,0.0412,1.0458,1.0018,1.0918,,74.5,False
SERPINA1,Endometrial_GCST006464,Wald ratio,1,0.0778,0.0384,0.0427,1.0809,1.0026,1.1654,0.5465803921568628,60.0,True
LILRB1,Endometrial_GCST006464,Inverse variance weighted,2,0.05,0.0249,0.0448,1.0513,1.0012,1.104,0.5465803921568628,90.3,True
CHIT1,Endometrial_GCST006464,Inverse variance weighted,3,0.029,0.0143,0.0425,1.0294,1.001,1.0587,0.5465803921568628,192.8,True
RBP7,Endometrial_GCST006464,Inverse variance weighted,2,0.0542,0.0271,0.0454,1.0557,1.0011,1.1132,0.5465803921568628,45.0,True
SCN4B,Endometrial_GCST006464,Inverse variance weighted,2,0.0317,0.0169,0.0611,1.0322,0.9985,1.067,0.5599313432835821,142.9,True
SERPING1,Endometrial_GCST006464,Wald ratio,1,0.1003,0.053,0.0584,1.1055,0.9964,1.2264,0.5599313432835821,34.1,True
SELPLG,Endometrial_GCST006464,Wald ratio,1,-0.0615,0.0315,0.0506,0.9404,0.8842,1.0002,0.5566262295081967,163.4,True
CPB2,Endometrial_GCST006464,Wald ratio,1,-0.0883,0.0453,0.051,0.9155,0.8377,1.0004,0.5566262295081967,35.0,True
PCDH9,Endometrial_GCST006464,Inverse variance weighted,2,0.0693,0.0366,0.0587,1.0717,0.9975,1.1516,0.5599313432835821,37.1,True
PRTG,Endometrial_GCST006464,Wald ratio,1,0.0643,0.0339,0.0579,1.0664,0.9978,1.1397,0.5599313432835821,74.6,True
ACE,Endometrial_GCST006464,Wald ratio,1,-0.0365,0.0188,0.0528,0.9642,0.9293,1.0004,0.5566262295081967,305.9,True
HSD17B14,Endometrial_GCST006464,Weighted median,3,-0.0334,0.0178,0.0608,0.9671,0.9339,1.0015,,121.7,False
CHIT1,Endometrial_GCST006464,Weighted median,3,0.0295,0.0152,0.0527,1.0299,0.9997,1.0611,,192.8,False
PCSK9,Endometrial_GCST006464,Wald ratio,1,0.0916,0.0486,0.0595,1.0959,0.9963,1.2054,0.5599313432835821,94.2,True
WFDC12,Endometrial_GCST006464,Inverse variance weighted,2,-0.0458,0.0245,0.061,0.9552,0.9105,1.0021,0.5599313432835821,66.8,True
GGT5,Endometrial_GCST006464,Wald ratio,1,-0.1345,0.0702,0.0553,0.8742,0.7619,1.0031,0.5566262295081967,31.1,True
IL18R1,Endometrial_GCST006464,Inverse variance weighted,2,0.0332,0.0173,0.0541,1.0338,0.9994,1.0694,0.5566262295081967,138.4,True
AGXT,Endometrial_GCST006464,Wald ratio,1,-0.0832,0.0432,0.0542,0.9202,0.8454,1.0015,0.5566262295081967,44.3,True
CLGN,Endometrial_GCST006464,Inverse variance weighted,2,0.038,0.0198,0.0547,1.0387,0.9992,1.0797,0.5566262295081967,144.4,True
PILRB,Endometrial_GCST006464,Inverse variance weighted,2,0.0207,0.0105,0.0478,1.0209,1.0002,1.0421,0.5537584905660378,724.4,True
EPPK1,Endometrial_GCST006464,Wald ratio,1,-0.0883,0.0446,0.0475,0.9155,0.8389,0.999,0.5537584905660378,51.7,True
CRH,Endometrial_GCST006464,Wald ratio,1,-0.1299,0.0663,0.05,0.8782,0.7712,1.0,0.5566262295081967,41.0,True
HSD17B14,Endometrial_GCST006464,Inverse variance weighted,3,-0.0289,0.0157,0.0656,0.9716,0.9422,1.0019,0.592329411764706,121.7,True
FUT8,Endometrial_GCST006464,Wald ratio,1,-0.0969,0.0529,0.0671,0.9077,0.8183,1.0068,0.5970927536231885,36.0,True
LAYN,Endometrial_GCST006464,Wald ratio,1,0.0669,0.0388,0.0845,1.0692,0.9909,1.1536,0.6054325581395349,48.4,True
MANSC4,Endometrial_GCST006464,Wald ratio,1,0.0439,0.0255,0.0845,1.0449,0.994,1.0984,0.6054325581395349,131.2,True
THTPA,Endometrial_GCST006464,Wald ratio,1,0.0413,0.0235,0.0788,1.0421,0.9953,1.0912,0.6054325581395349,167.4,True
SERPINA9,Endometrial_GCST006464,Weighted median,3,-0.0582,0.0336,0.0835,0.9435,0.8834,1.0077,,42.3,False
CTSH,Endometrial_GCST006464,Weighted median,4,0.0232,0.0133,0.0815,1.0234,0.9971,1.0505,,287.2,False
CCL18,Endometrial_GCST006464,Wald ratio,1,-0.0452,0.026,0.0829,0.9559,0.9083,1.0059,0.6054325581395349,160.9,True
NT5C,Endometrial_GCST006464,Wald ratio,1,-0.0454,0.0254,0.0744,0.9556,0.9091,1.0045,0.6054325581395349,120.3,True
ENPP7,Endometrial_GCST006464,Wald ratio,1,0.032,0.0179,0.0747,1.0325,0.9968,1.0695,0.6054325581395349,412.3,True
NPTX1,Endometrial_GCST006464,Wald ratio,1,-0.0811,0.0466,0.0818,0.9221,0.8416,1.0103,0.6054325581395349,39.3,True
LILRA5,Endometrial_GCST006464,Inverse variance weighted,2,0.052,0.0302,0.0848,1.0534,0.9929,1.1176,0.6054325581395349,48.9,True
ROR1,Endometrial_GCST006464,Wald ratio,1,-0.074,0.041,0.0714,0.9287,0.8569,1.0065,0.6054325581395349,73.1,True
IL17RA,Endometrial_GCST006464,Wald ratio,1,-0.0468,0.0263,0.075,0.9543,0.9063,1.0047,0.6054325581395349,132.7,True
TFPI,Endometrial_GCST006464,Wald ratio,1,0.0626,0.0361,0.0826,1.0646,0.9919,1.1426,0.6054325581395349,61.7,True
CASP8,Endometrial_GCST006464,Wald ratio,1,-0.0657,0.038,0.0838,0.9364,0.8691,1.0088,0.6054325581395349,43.8,True
ITIH3,Endometrial_GCST006464,Wald ratio,1,0.0808,0.0458,0.0778,1.0841,0.9911,1.1859,0.6054325581395349,37.2,True
F11,Endometrial_GCST006464,Inverse variance weighted,2,0.0513,0.0288,0.0749,1.0526,0.9949,1.1137,0.6054325581395349,63.8,True
TREM2,Endometrial_GCST006464,Wald ratio,1,-0.0854,0.0476,0.0732,0.9182,0.8363,1.0081,0.6054325581395349,57.2,True
SH3GLB2,Endometrial_GCST006464,Wald ratio,1,-0.0871,0.0499,0.081,0.9166,0.8312,1.0108,0.6054325581395349,37.3,True
PAEP,Endometrial_GCST006464,Inverse variance weighted,2,-0.0285,0.0157,0.0704,0.9719,0.9424,1.0024,0.6054325581395349,156.6,True
IL15RA,Endometrial_GCST006464,Wald ratio,1,-0.0746,0.0442,0.0913,0.9281,0.851,1.0121,0.609995652173913,36.0,True
CD300LG,Endometrial_GCST006464,Wald ratio,1,-0.0725,0.0429,0.0914,0.9301,0.855,1.0117,0.609995652173913,42.9,True
SPRR3,Endometrial_GCST006464,Wald ratio,1,0.0649,0.038,0.088,1.067,0.9904,1.1495,0.609995652173913,57.3,True
LGALS8,Endometrial_GCST006464,Wald ratio,1,-0.0288,0.017,0.0905,0.9716,0.9398,1.0046,0.609995652173913,368.3,True
IGFBP7,Endometrial_GCST006464,Wald ratio,1,-0.0764,0.0451,0.0908,0.9265,0.848,1.0122,0.609995652173913,44.4,True
NPTX2,Endometrial_GCST006464,Wald ratio,1,0.0842,0.0494,0.0884,1.0878,0.9874,1.1985,0.609995652173913,35.8,True
PPCDC,Endometrial_GCST006464,Weighted median,3,0.0422,0.0252,0.0941,1.0431,0.9928,1.0959,,94.4,False
ENPP6,Endometrial_GCST006464,Inverse variance weighted,2,0.0538,0.0321,0.0941,1.0552,0.9909,1.1238,0.6192255319148936,43.3,True
AIF1L,Endometrial_GCST006464,Wald ratio,1,-0.0705,0.0422,0.0948,0.9319,0.858,1.0123,0.6192255319148936,43.4,True
NMI,Endometrial_GCST006464,Wald ratio,1,-0.0444,0.0267,0.0969,0.9566,0.9077,1.0081,0.6248729166666667,128.1,True
DBH,Endometrial_GCST006464,Inverse variance weighted,3,-0.0208,0.0126,0.0977,0.9794,0.9555,1.0038,0.6248729166666667,206.9,True
PILRA,Endometrial_GCST006464,Inverse variance weighted,2,0.0207,0.0126,0.101,1.021,0.996,1.0466,0.639319587628866,381.3,True
TREH,Endometrial_GCST006464,Inverse variance weighted,2,0.0196,0.0123,0.112,1.0198,0.9954,1.0447,0.6484299065420561,414.6,True
IL4R,Endometrial_GCST006464,Wald ratio,1,0.0699,0.044,0.112,1.0724,0.9838,1.169,0.6484299065420561,37.5,True
WFIKKN2,Endometrial_GCST006464,Wald ratio,1,-0.0394,0.0244,0.106,0.9614,0.9165,1.0084,0.6484299065420561,164.3,True
CA6,Endometrial_GCST006464,Inverse variance weighted,2,0.0272,0.0171,0.113,1.0275,0.9936,1.0626,0.6484299065420561,144.0,True
AHSG,Endometrial_GCST006464,Inverse variance weighted,2,0.0264,0.0166,0.112,1.0267,0.9938,1.0607,0.6484299065420561,233.7,True
CD38,Endometrial_GCST006464,Inverse variance weighted,2,0.0464,0.0291,0.111,1.0475,0.9894,1.109,0.6484299065420561,49.6,True
SPARCL1,Endometrial_GCST006464,Inverse variance weighted,2,-0.0252,0.0157,0.108,0.9751,0.9456,1.0056,0.6484299065420561,241.7,True
PI16,Endometrial_GCST006464,Wald ratio,1,0.0797,0.0497,0.109,1.0829,0.9824,1.1937,0.6484299065420561,35.4,True
CRISP2,Endometrial_GCST006464,Weighted median,3,-0.0308,0.019,0.104,0.9696,0.9343,1.0063,,104.5,False
PON2,Endometrial_GCST006464,Wald ratio,1,-0.0357,0.0225,0.112,0.9649,0.9234,1.0084,0.6484299065420561,261.6,True
LCN15,Endometrial_GCST006464,Wald ratio,1,0.0366,0.0231,0.113,1.0372,0.9914,1.0852,0.6484299065420561,227.7,True
PRR4,Endometrial_GCST006464,Inverse variance weighted,2,0.0232,0.0148,0.117,1.0235,0.9942,1.0536,0.6590642201834863,254.6,True
FLRT2,Endometrial_GCST006464,Inverse variance weighted,2,-0.0428,0.0273,0.117,0.9581,0.9081,1.0108,0.6590642201834863,59.6,True
SCARB2,Endometrial_GCST006464,Wald ratio,1,-0.0799,0.0512,0.119,0.9232,0.8351,1.0207,0.6642363636363636,36.7,True
SFTPD,Endometrial_GCST006464,Wald ratio,1,-0.0347,0.0223,0.121,0.9659,0.9245,1.0091,0.6693153153153153,192.8,True
C1QTNF9,Endometrial_GCST006464,Inverse variance weighted,2,0.0205,0.0135,0.127,1.0207,0.9942,1.048,0.6881034482758621,284.5,True
CDA,Endometrial_GCST006464,Inverse variance weighted,2,0.0296,0.0194,0.127,1.03,0.9916,1.0698,0.6881034482758621,90.0,True
PROK1,Endometrial_GCST006464,Inverse variance weighted,2,-0.0614,0.0405,0.129,0.9405,0.8687,1.0181,0.6881034482758621,108.3,True
PIK3IP1,Endometrial_GCST006464,Wald ratio,1,-0.0711,0.0469,0.13,0.9314,0.8495,1.0211,0.6881034482758621,31.8,True
LECT2,Endometrial_GCST006464,Inverse variance weighted,2,0.0144,0.0095,0.13,1.0145,0.9958,1.0336,0.6881034482758621,1046.4,True
CTBS,Endometrial_GCST006464,Wald ratio,1,0.0374,0.025,0.135,1.0381,0.9885,1.0901,0.706873949579832,62.0,True
BTD,Endometrial_GCST006464,Wald ratio,1,-0.0335,0.0225,0.137,0.9671,0.9254,1.0107,0.706873949579832,268.3,True
CRISP2,Endometrial_GCST006464,Inverse variance weighted,3,-0.025,0.0168,0.137,0.9753,0.9438,1.0079,0.706873949579832,104.5,True
TXNDC15,Endometrial_GCST006464,Inverse variance weighted,2,0.0221,0.015,0.141,1.0223,0.9927,1.0528,0.7193880597014926,361.0,True
GZMB,Endometrial_GCST006464,Wald ratio,1,0.0678,0.0477,0.155,1.0701,0.9747,1.1749,0.7193880597014926,33.1,True
AMY2A,Endometrial_GCST006464,Inverse variance weighted,2,0.0497,0.0351,0.157,1.0509,0.9811,1.1258,0.7193880597014926,51.7,True
SLAMF8,Endometrial_GCST006464,Inverse variance weighted,2,0.0295,0.0207,0.154,1.03,0.989,1.0726,0.7193880597014926,221.8,True
XCL1,Endometrial_GCST006464,Wald ratio,1,-0.0324,0.0228,0.155,0.9681,0.9258,1.0124,0.7193880597014926,218.1,True
CFH,Endometrial_GCST006464,Wald ratio,1,-0.0545,0.0383,0.154,0.9469,0.8785,1.0207,0.7193880597014926,43.7,True
CSF3R,Endometrial_GCST006464,Inverse variance weighted,2,-0.055,0.0383,0.152,0.9465,0.878,1.0204,0.7193880597014926,149.4,True
SCARF2,Endometrial_GCST006464,Wald ratio,1,-0.0675,0.0464,0.145,0.9347,0.8535,1.0237,0.7193880597014926,32.2,True
INHBB,Endometrial_GCST006464,Wald ratio,1,0.0484,0.0341,0.156,1.0496,0.9817,1.1222,0.7193880597014926,68.3,True
MCFD2,Endometrial_GCST006464,Wald ratio,1,-0.0645,0.0444,0.147,0.9375,0.8594,1.0228,0.7193880597014926,41.7,True
KLB,Endometrial_GCST006464,Inverse variance weighted,2,-0.0228,0.0157,0.148,0.9775,0.9478,1.0081,0.7193880597014926,198.0,True
PAM,Endometrial_GCST006464,Inverse variance weighted,2,-0.039,0.0275,0.155,0.9617,0.9113,1.0149,0.7193880597014926,63.8,True
FGFR4,Endometrial_GCST006464,Wald ratio,1,0.0229,0.0162,0.156,1.0232,0.9913,1.0561,0.7193880597014926,531.0,True
CTSB,Endometrial_GCST006464,Inverse variance weighted,2,0.0311,0.0219,0.155,1.0316,0.9883,1.0769,0.7193880597014926,88.6,True
SPINK4,Endometrial_GCST006464,Inverse variance weighted,2,0.0205,0.0144,0.153,1.0207,0.9924,1.0498,0.7193880597014926,247.6,True
LGALS9,Endometrial_GCST006464,Wald ratio,1,0.0492,0.035,0.161,1.0504,0.9807,1.1251,0.7215620437956204,65.7,True
CRELD1,Endometrial_GCST006464,Wald ratio,1,0.0356,0.0254,0.16,1.0362,0.986,1.089,0.7215620437956204,145.6,True
MATN2,Endometrial_GCST006464,Wald ratio,1,-0.0526,0.0374,0.16,0.9487,0.8816,1.021,0.7215620437956204,59.4,True
SFTPA2,Endometrial_GCST006464,Inverse variance weighted,2,0.0287,0.0207,0.165,1.0291,0.9882,1.0716,0.7283310344827586,131.4,True
PRSS53,Endometrial_GCST006464,Inverse variance weighted,4,0.0213,0.0155,0.169,1.0215,0.991,1.0531,0.7283310344827586,103.8,True
SCPEP1,Endometrial_GCST006464,Wald ratio,1,0.0553,0.0402,0.169,1.0568,0.9768,1.1435,0.7283310344827586,37.2,True
TEX101,Endometrial_GCST006464,Wald ratio,1,0.075,0.0546,0.17,1.0779,0.9685,1.1997,0.7283310344827586,33.6,True
TOR1AIP1,Endometrial_GCST006464,Wald ratio,1,0.0211,0.0154,0.17,1.0214,0.991,1.0527,0.7283310344827586,720.5,True
TIMP3,Endometrial_GCST006464,Wald ratio,1,-0.0598,0.0433,0.167,0.942,0.8654,1.0253,0.7283310344827586,39.2,True
CHL1,Endometrial_GCST006464,Wald ratio,1,-0.0722,0.0527,0.171,0.9304,0.839,1.0317,0.7283310344827586,31.8,True
TDGF1,Endometrial_GCST006464,Wald ratio,1,0.0218,0.016,0.172,1.0221,0.9905,1.0546,0.7283310344827586,908.2,True
IL17RB,Endometrial_GCST006464,Inverse variance weighted,2,-0.0326,0.0239,0.174,0.968,0.9236,1.0145,0.7317534246575342,80.6,True
PKLR,Endometrial_GCST006464,Wald ratio,1,-0.0715,0.0528,0.176,0.931,0.8394,1.0326,0.7343108108108108,35.0,True
HYAL1,Endometrial_GCST006464,Wald ratio,1,0.0652,0.0483,0.177,1.0674,0.9709,1.1735,0.7343108108108108,39.4,True
APOH,Endometrial_GCST006464,Inverse variance weighted,2,0.0295,0.022,0.18,1.0299,0.9864,1.0753,0.741744966442953,63.4,True
IL6R,Endometrial_GCST006464,Wald ratio,1,0.0184,0.0138,0.183,1.0186,0.9913,1.0466,0.74908,704.4,True
RBKS,Endometrial_GCST006464,Wald ratio,1,-0.0559,0.0423,0.186,0.9456,0.8705,1.0273,0.7504444444444445,36.0,True
REG3G,Endometrial_GCST006464,Inverse variance weighted,3,0.0279,0.0211,0.187,1.0283,0.9866,1.0717,0.7504444444444445,59.6,True
ITIH1,Endometrial_GCST006464,Wald ratio,1,-0.0617,0.0466,0.186,0.9402,0.8581,1.0301,0.7504444444444445,34.3,True
CRTAC1,Endometrial_GCST006464,Inverse variance weighted,2,0.0289,0.0224,0.195,1.0294,0.9852,1.0755,0.7724516129032258,85.3,True
LILRB2,Endometrial_GCST006464,Wald ratio,1,0.0238,0.0184,0.195,1.0241,0.9879,1.0616,0.7724516129032258,600.0,True
IDI2,Endometrial_GCST006464,Inverse variance weighted,2,-0.0345,0.027,0.202,0.9661,0.9162,1.0187,0.7751750000000001,37.0,True
IL17D,Endometrial_GCST006464,Wald ratio,1,-0.0444,0.0347,0.201,0.9565,0.8936,1.0239,0.7751750000000001,64.9,True
CTSH,Endometrial_GCST006464,Inverse variance weighted,4,0.0213,0.0165,0.198,1.0215,0.9889,1.0552,0.774343949044586,287.2,True
TPSAB1,Endometrial_GCST006464,Inverse variance weighted,3,-0.037,0.0288,0.198,0.9637,0.9108,1.0196,0.774343949044586,87.9,True
ALPP,Endometrial_GCST006464,Inverse variance weighted,2,0.0333,0.0261,0.201,1.0339,0.9824,1.088,0.7751750000000001,64.0,True
PTPRB,Endometrial_GCST006464,Inverse variance weighted,2,-0.0342,0.0271,0.206,0.9664,0.9165,1.019,0.7759754601226994,57.9,True
SIGLEC6,Endometrial_GCST006464,Wald ratio,1,-0.0678,0.0535,0.205,0.9345,0.8414,1.0378,0.7759754601226994,39.0,True
SIRPB1,Endometrial_GCST006464,Inverse variance weighted,2,-0.0236,0.0187,0.206,0.9767,0.9416,1.0131,0.7759754601226994,144.3,True
PVALB,Endometrial_GCST006464,Wald ratio,1,0.0369,0.0294,0.209,1.0376,0.9796,1.0991,0.7814545454545454,86.7,True
BST1,Endometrial_GCST006464,Inverse variance weighted,2,-0.0153,0.0122,0.21,0.9848,0.9616,1.0086,0.7814545454545454,412.3,True
VMO1,Endometrial_GCST006464,Inverse variance weighted,2,0.0253,0.0203,0.214,1.0256,0.9855,1.0673,0.7857738095238095,279.9,True
MPO,Endometrial_GCST006464,Wald ratio,1,-0.0857,0.0695,0.217,0.9179,0.801,1.0517,0.7883905325443787,40.0,True
MEP1B,Endometrial_GCST006464,Wald ratio,1,-0.0183,0.0148,0.215,0.9818,0.9538,1.0107,0.7857738095238095,672.2,True
VSTM1,Endometrial_GCST006464,Inverse variance weighted,2,-0.0229,0.0184,0.213,0.9774,0.9428,1.0132,0.7857738095238095,164.4,True
REG3G,Endometrial_GCST006464,Weighted median,3,0.0317,0.0256,0.216,1.0322,0.9817,1.0852,,59.6,False
LPO,Endometrial_GCST006464,Wald ratio,1,-0.0655,0.0538,0.223,0.9366,0.8429,1.0407,0.8007134502923976,30.8,True
GALNT3,Endometrial_GCST006464,Wald ratio,1,0.0585,0.0479,0.222,1.0602,0.9652,1.1646,0.8007134502923976,32.9,True
CNTN5,Endometrial_GCST006464,Wald ratio,1,0.0517,0.0436,0.236,1.053,0.9668,1.147,0.8084333333333333,58.8,True
GGACT,Endometrial_GCST006464,Wald ratio,1,0.0868,0.0729,0.233,1.0907,0.9456,1.2581,0.8082598870056498,42.1,True
ERBB2,Endometrial_GCST006464,Wald ratio,1,-0.0892,0.0748,0.233,0.9146,0.7899,1.0591,0.8082598870056498,32.5,True
CCL25,Endometrial_GCST006464,Wald ratio,1,0.0288,0.0238,0.228,1.0292,0.9822,1.0784,0.8082598870056498,192.1,True
ECM1,Endometrial_GCST006464,Wald ratio,1,0.0268,0.0224,0.232,1.0271,0.983,1.0732,0.8082598870056498,188.9,True
BPIFB1,Endometrial_GCST006464,Inverse variance weighted,2,-0.0305,0.0257,0.235,0.9699,0.9223,1.02,0.8084333333333333,63.7,True
MELTF,Endometrial_GCST006464,Inverse variance weighted,2,0.0344,0.0286,0.23,1.035,0.9785,1.0948,0.8082598870056498,75.2,True
LPA,Endometrial_GCST006464,MR Egger,4,-0.2203,0.1307,0.234,0.8023,0.6209,1.0367,,50.4,False
GPIHBP1,Endometrial_GCST006464,Wald ratio,1,-0.0569,0.048,0.237,0.9447,0.8598,1.038,0.8084333333333333,42.5,True
ANGPT2,Endometrial_GCST006464,Wald ratio,1,-0.0641,0.0528,0.225,0.9379,0.8457,1.0403,0.8031976744186047,30.4,True
ADGRD1,Endometrial_GCST006464,Inverse variance weighted,2,0.0375,0.0319,0.24,1.0382,0.9753,1.1052,0.813043956043956,50.4,True
SERPINA12,Endometrial_GCST006464,Wald ratio,1,0.0281,0.0239,0.241,1.0284,0.9814,1.0778,0.813043956043956,148.7,True
TLR1,Endometrial_GCST006464,Wald ratio,1,0.0312,0.0267,0.243,1.0317,0.979,1.0872,0.8153114754098361,58.1,True
HBQ1,Endometrial_GCST006464,Wald ratio,1,0.0459,0.0396,0.247,1.0469,0.9687,1.1315,0.8164893617021277,74.5,True
LRG1,Endometrial_GCST006464,Wald ratio,1,-0.0274,0.0237,0.248,0.973,0.9287,1.0193,0.8164893617021277,265.5,True
PLTP,Endometrial_GCST006464,Wald ratio,1,-0.0436,0.0376,0.245,0.9573,0.8894,1.0304,0.8164893617021277,60.8,True
MARCO,Endometrial_GCST006464,Wald ratio,1,0.0438,0.0381,0.25,1.0448,0.9696,1.1257,0.8164893617021277,45.2,True
TGFBI,Endometrial_GCST006464,Wald ratio,1,0.0289,0.0251,0.25,1.0294,0.9799,1.0814,0.8164893617021277,147.3,True
RGMA,Endometrial_GCST006464,Wald ratio,1,-0.0504,0.0442,0.255,0.9509,0.8719,1.037,0.819738219895288,44.5,True
CD80,Endometrial_GCST006464,Wald ratio,1,-0.0409,0.0358,0.253,0.9599,0.8948,1.0297,0.819738219895288,62.8,True
CLSTN2,Endometrial_GCST006464,Wald ratio,1,-0.0573,0.0502,0.254,0.9443,0.8557,1.042,0.819738219895288,33.5,True
ECHDC3,Endometrial_GCST006464,Wald ratio,1,-0.0307,0.0273,0.261,0.9697,0.9192,1.0231,0.8260515463917527,67.8,True
MBL2,Endometrial_GCST006464,Inverse variance weighted,2,-0.0248,0.0231,0.283,0.9755,0.9322,1.0208,0.8302347826086957,247.8,True
CAT,Endometrial_GCST006464,Wald ratio,1,-0.05,0.0457,0.274,0.9512,0.8698,1.0403,0.8302347826086957,40.9,True
CD6,Endometrial_GCST006464,Inverse variance weighted,2,-0.015,0.0143,0.293,0.9851,0.9578,1.0131,0.8302347826086957,209.4,True
AMN,Endometrial_GCST006464,Inverse variance weighted,2,-0.0192,0.0177,0.277,0.981,0.9475,1.0156,0.8302347826086957,185.1,True
RNASE10,Endometrial_GCST006464,Weighted median,3,-0.0217,0.0213,0.309,0.9786,0.9386,1.0203,,179.9,False
ISLR2,Endometrial_GCST006464,Wald ratio,1,-0.0508,0.0498,0.308,0.9505,0.862,1.048,0.8302347826086957,36.4,True
UMOD,Endometrial_GCST006464,Wald ratio,1,-0.024,0.0221,0.277,0.9762,0.9348,1.0195,0.8302347826086957,247.9,True
CA5A,Endometrial_GCST006464,Wald ratio,1,0.0257,0.025,0.305,1.026,0.9769,1.0776,0.8302347826086957,125.3,True
CCL23,Endometrial_GCST006464,Wald ratio,1,-0.0305,0.0295,0.3,0.9699,0.9155,1.0276,0.8302347826086957,87.8,True
CLEC10A,Endometrial_GCST006464,Wald ratio,1,-0.0391,0.0375,0.297,0.9616,0.8935,1.035,0.8302347826086957,64.1,True
SERPINB8,Endometrial_GCST006464,Inverse variance weighted,2,-0.0246,0.0234,0.294,0.9757,0.9319,1.0216,0.8302347826086957,121.3,True
ADGRE2,Endometrial_GCST006464,Wald ratio,1,0.0562,0.0504,0.265,1.0578,0.9583,1.1676,0.8302347826086957,35.2,True
PDCD5,Endometrial_GCST006464,Wald ratio,1,0.049,0.0468,0.295,1.0503,0.9581,1.1513,0.8302347826086957,32.4,True
CD33,Endometrial_GCST006464,MR Egger,3,-0.0697,0.0312,0.268,0.9327,0.8773,0.9916,,386.5,False
SIGLEC10,Endometrial_GCST006464,Wald ratio,1,0.0577,0.0534,0.28,1.0594,0.9541,1.1763,0.8302347826086957,41.2,True
FCRL6,Endometrial_GCST006464,Inverse variance weighted,2,0.0161,0.0154,0.297,1.0162,0.986,1.0473,0.8302347826086957,176.4,True
PTPRC,Endometrial_GCST006464,Wald ratio,1,0.061,0.0568,0.283,1.0629,0.9509,1.1881,0.8302347826086957,77.3,True
PM20D1,Endometrial_GCST006464,MR Egger,3,-0.1891,0.0858,0.271,0.8277,0.6996,0.9793,,136.8,False
IFNLR1,Endometrial_GCST006464,Wald ratio,1,-0.0522,0.0462,0.259,0.9491,0.8669,1.0391,0.8239689119170985,62.3,True
PARK7,Endometrial_GCST006464,Wald ratio,1,-0.0455,0.0449,0.31,0.9555,0.875,1.0434,0.8302347826086957,53.4,True
CD40,Endometrial_GCST006464,Inverse variance weighted,2,0.0176,0.0173,0.31,1.0177,0.9838,1.0528,0.8302347826086957,149.9,True
NCAM2,Endometrial_GCST006464,Inverse variance weighted,2,0.0226,0.0223,0.311,1.0229,0.9791,1.0686,0.8302347826086957,76.9,True
IFNAR1,Endometrial_GCST006464,Wald ratio,1,0.0504,0.0461,0.274,1.0517,0.9609,1.1511,0.8302347826086957,40.2,True
SUSD2,Endometrial_GCST006464,Wald ratio,1,0.036,0.0328,0.272,1.0367,0.9722,1.1055,0.8302347826086957,143.1,True
IL1R2,Endometrial_GCST006464,Wald ratio,1,0.032,0.0315,0.31,1.0325,0.9707,1.0983,0.8302347826086957,91.6,True
MERTK,Endometrial_GCST006464,Wald ratio,1,0.0445,0.0411,0.279,1.0455,0.9646,1.1333,0.8302347826086957,42.5,True
ADAM23,Endometrial_GCST006464,Weighted median,3,0.027,0.0245,0.27,1.0274,0.9793,1.0779,,40.1,False
TP53I3,Endometrial_GCST006464,Wald ratio,1,-0.0296,0.0268,0.27,0.9708,0.9212,1.0232,0.8302347826086957,156.9,True
CD207,Endometrial_GCST006464,Wald ratio,1,-0.0294,0.0278,0.291,0.971,0.9195,1.0255,0.8302347826086957,90.2,True
TIMP4,Endometrial_GCST006464,Inverse variance weighted,2,0.0443,0.0434,0.308,1.0453,0.96,1.1381,0.8302347826086957,57.3,True
PSAPL1,Endometrial_GCST006464,Inverse variance weighted,3,-0.0177,0.017,0.298,0.9825,0.9503,1.0157,0.8302347826086957,113.1,True
MEGF10,Endometrial_GCST006464,Inverse variance weighted,2,0.0326,0.0297,0.273,1.0331,0.9746,1.0952,0.8302347826086957,56.8,True
SPINK5,Endometrial_GCST006464,Wald ratio,1,0.0365,0.0353,0.301,1.0371,0.9678,1.1114,0.8302347826086957,70.0,True
F12,Endometrial_GCST006464,Inverse variance weighted,2,0.0128,0.012,0.284,1.0129,0.9894,1.037,0.8302347826086957,503.1,True
IL7R,Endometrial_GCST006464,Inverse variance weighted,2,0.0164,0.0145,0.257,1.0165,0.9881,1.0457,0.8218645833333333,276.6,True
LPA,Endometrial_GCST006464,Inverse variance weighted,4,-0.0214,0.0206,0.299,0.9789,0.9402,1.0191,0.8302347826086957,50.4,True
VEGFA,Endometrial_GCST006464,Wald ratio,1,0.0382,0.0352,0.279,1.0389,0.9695,1.1132,0.8302347826086957,77.1,True
ACHE,Endometrial_GCST006464,Wald ratio,1,0.0404,0.0379,0.286,1.0413,0.9667,1.1216,0.8302347826086957,52.8,True
CNTNAP2,Endometrial_GCST006464,Wald ratio,1,-0.0298,0.0293,0.31,0.9707,0.9164,1.0281,0.8302347826086957,93.8,True
COL28A1,Endometrial_GCST006464,Inverse variance weighted,2,-0.0164,0.0156,0.293,0.9838,0.9542,1.0143,0.8302347826086957,252.0,True
GFRA2,Endometrial_GCST006464,Inverse variance weighted,2,0.0362,0.0334,0.278,1.0369,0.9712,1.107,0.8302347826086957,47.5,True
DBH,Endometrial_GCST006464,Weighted median,3,-0.0134,0.0132,0.309,0.9867,0.9614,1.0125,,206.9,False
NUDT2,Endometrial_GCST006464,Wald ratio,1,0.0476,0.0467,0.308,1.0487,0.957,1.1493,0.8302347826086957,36.8,True
SAT2,Endometrial_GCST006464,Wald ratio,1,-0.0385,0.0383,0.314,0.9622,0.8927,1.0371,0.8336637931034483,40.5,True
SNX15,Endometrial_GCST006464,Wald ratio,1,0.041,0.0408,0.315,1.0419,0.9617,1.1287,0.8336637931034483,36.9,True
SUMF2,Endometrial_GCST006464,Wald ratio,1,-0.0406,0.0407,0.319,0.9602,0.8865,1.04,0.8405952380952381,42.4,True
FAS,Endometrial_GCST006464,Wald ratio,1,-0.0455,0.0481,0.343,0.9555,0.8696,1.0499,0.8405952380952381,33.5,True
MMP12,Endometrial_GCST006464,Wald ratio,1,-0.0267,0.0277,0.335,0.9737,0.9223,1.0279,0.8405952380952381,163.2,True
CD59,Endometrial_GCST006464,Inverse variance weighted,2,-0.0314,0.0328,0.338,0.9691,0.9087,1.0334,0.8405952380952381,41.5,True
ENDOU,Endometrial_GCST006464,Wald ratio,1,0.0451,0.0465,0.332,1.0461,0.955,1.1459,0.8405952380952381,36.7,True
INHBC,Endometrial_GCST006464,Wald ratio,1,-0.0238,0.0254,0.349,0.9765,0.9291,1.0263,0.8415830115830116,151.9,True
CLEC12A,Endometrial_GCST006464,Wald ratio,1,-0.0259,0.0271,0.34,0.9744,0.9239,1.0277,0.8405952380952381,123.0,True
RNASE6,Endometrial_GCST006464,Wald ratio,1,-0.047,0.0486,0.333,0.9541,0.8675,1.0494,0.8405952380952381,35.5,True
PRSS53,Endometrial_GCST006464,Weighted median,4,0.0161,0.0172,0.349,1.0163,0.9825,1.0512,,103.8,False
VASN,Endometrial_GCST006464,Inverse variance weighted,2,0.0363,0.0368,0.324,1.037,0.9648,1.1146,0.8405952380952381,42.6,True
SDK2,Endometrial_GCST006464,Wald ratio,1,-0.0299,0.0323,0.355,0.9706,0.911,1.034,0.8415830115830116,74.5,True
ADAMTSL5,Endometrial_GCST006464,Wald ratio,1,0.0396,0.041,0.333,1.0404,0.9602,1.1274,0.8405952380952381,63.6,True
THOP1,Endometrial_GCST006464,Wald ratio,1,-0.054,0.0563,0.337,0.9474,0.8484,1.058,0.8405952380952381,31.0,True
CD70,Endometrial_GCST006464,Wald ratio,1,0.0261,0.0265,0.323,1.0265,0.9746,1.0811,0.8405952380952381,108.1,True
AMY2B,Endometrial_GCST006464,Inverse variance weighted,2,0.0377,0.0382,0.324,1.0384,0.9636,1.119,0.8405952380952381,40.3,True
SLAMF7,Endometrial_GCST006464,Inverse variance weighted,2,0.0176,0.0187,0.345,1.0178,0.9812,1.0557,0.8405952380952381,129.4,True
QSOX1,Endometrial_GCST006464,Wald ratio,1,-0.0255,0.0265,0.336,0.9749,0.9256,1.0267,0.8405952380952381,116.0,True
FCAMR,Endometrial_GCST006464,Wald ratio,1,0.0357,0.0379,0.345,1.0364,0.9623,1.1162,0.8405952380952381,58.6,True
GBP1,Endometrial_GCST006464,Wald ratio,1,-0.0382,0.0408,0.349,0.9625,0.8885,1.0426,0.8415830115830116,71.0,True
CST7,Endometrial_GCST006464,Wald ratio,1,-0.0305,0.032,0.341,0.9699,0.9109,1.0328,0.8405952380952381,33.1,True
CTSZ,Endometrial_GCST006464,Wald ratio,1,-0.0442,0.046,0.336,0.9568,0.8743,1.047,0.8405952380952381,31.9,True
CRYGD,Endometrial_GCST006464,MR Egger,4,0.0459,0.0381,0.351,1.0469,0.9717,1.128,,171.8,False
COMMD1,Endometrial_GCST006464,Wald ratio,1,-0.0384,0.0411,0.35,0.9623,0.8879,1.043,0.8415830115830116,53.7,True
ITGA2,Endometrial_GCST006464,Inverse variance weighted,2,-0.0159,0.0171,0.354,0.9843,0.9518,1.0178,0.8415830115830116,155.5,True
GLO1,Endometrial_GCST006464,Wald ratio,1,0.034,0.0367,0.355,1.0346,0.9627,1.1118,0.8415830115830116,54.6,True
IGFBP3,Endometrial_GCST006464,Wald ratio,1,-0.0381,0.0388,0.327,0.9627,0.8922,1.0387,0.8405952380952381,46.4,True
VWC2,Endometrial_GCST006464,Wald ratio,1,0.0383,0.0402,0.341,1.039,0.9603,1.1243,0.8405952380952381,46.5,True
PON1,Endometrial_GCST006464,Inverse variance weighted,2,-0.0141,0.0149,0.343,0.986,0.9576,1.0152,0.8405952380952381,239.2,True
HMCN2,Endometrial_GCST006464,Inverse variance weighted,2,-0.0192,0.0207,0.353,0.981,0.942,1.0216,0.8415830115830116,144.2,True
SLURP1,Endometrial_GCST006464,Wald ratio,1,0.0361,0.0393,0.358,1.0368,0.96,1.1197,0.8454307692307692,49.5,True
IL1RL1,Endometrial_GCST006464,Inverse variance weighted,2,0.0139,0.0153,0.364,1.014,0.984,1.045,0.8465757575757575,196.3,True
FNDC1,Endometrial_GCST006464,Wald ratio,1,0.0415,0.0453,0.36,1.0423,0.9538,1.1391,0.8465757575757575,50.1,True
CCN4,Endometrial_GCST006464,Wald ratio,1,-0.0387,0.0426,0.364,0.962,0.8849,1.0459,0.8465757575757575,38.8,True
GGH,Endometrial_GCST006464,Inverse variance weighted,2,0.0248,0.0272,0.362,1.0251,0.9719,1.0812,0.8465757575757575,65.1,True
REG1A,Endometrial_GCST006464,Wald ratio,1,0.044,0.0486,0.366,1.0449,0.95,1.1494,0.8480150943396226,35.4,True
STAB2,Endometrial_GCST006464,Inverse variance weighted,2,-0.0472,0.0539,0.381,0.9539,0.8584,1.0601,0.8498115942028985,46.7,True
RNASE10,Endometrial_GCST006464,MR Egger,3,-0.0826,0.0545,0.372,0.9207,0.8274,1.0246,,179.9,False
NID2,Endometrial_GCST006464,Wald ratio,1,-0.0259,0.0295,0.38,0.9744,0.9197,1.0324,0.8498115942028985,91.0,True
CCL8,Endometrial_GCST006464,Wald ratio,1,-0.0184,0.0207,0.374,0.9818,0.9428,1.0224,0.8498115942028985,234.6,True
ANGPTL1,Endometrial_GCST006464,Wald ratio,1,-0.0417,0.0467,0.372,0.9592,0.8752,1.0512,0.8498115942028985,37.6,True
CD55,Endometrial_GCST006464,Wald ratio,1,-0.0333,0.0381,0.382,0.9672,0.8976,1.0422,0.8498115942028985,62.5,True
SIRPA,Endometrial_GCST006464,Wald ratio,1,0.0126,0.0141,0.37,1.0127,0.9852,1.041,0.8498115942028985,1156.4,True
TFF1,Endometrial_GCST006464,Wald ratio,1,0.0319,0.0359,0.375,1.0324,0.9622,1.1078,0.8498115942028985,51.8,True
HNMT,Endometrial_GCST006464,Inverse variance weighted,2,0.014,0.0158,0.377,1.0141,0.9831,1.046,0.8498115942028985,295.7,True
LRRN1,Endometrial_GCST006464,Wald ratio,1,-0.018,0.0206,0.381,0.9821,0.9433,1.0226,0.8498115942028985,249.6,True
FGFBP2,Endometrial_GCST006464,Wald ratio,1,-0.024,0.0274,0.38,0.9763,0.9253,1.03,0.8498115942028985,115.5,True
EGFLAM,Endometrial_GCST006464,Inverse variance weighted,2,-0.0227,0.0259,0.38,0.9776,0.9292,1.0284,0.8498115942028985,46.9,True
RELT,Endometrial_GCST006464,Wald ratio,1,0.0301,0.0348,0.387,1.0306,0.9625,1.1034,0.8514703832752614,79.5,True
COL2A1,Endometrial_GCST006464,Wald ratio,1,-0.0244,0.0286,0.395,0.9759,0.9227,1.0322,0.8514703832752614,105.7,True
TNFRSF11A,Endometrial_GCST006464,Inverse variance weighted,2,0.0243,0.0285,0.394,1.0246,0.969,1.0834,0.8514703832752614,51.2,True
ACP5,Endometrial_GCST006464,Wald ratio,1,0.0441,0.0513,0.39,1.0451,0.9451,1.1557,0.8514703832752614,32.6,True
HSD17B14,Endometrial_GCST006464,MR Egger,3,-0.0539,0.0384,0.394,0.9475,0.8788,1.0216,,121.7,False
CLEC4M,Endometrial_GCST006464,Wald ratio,1,0.0401,0.0475,0.398,1.0409,0.9484,1.1425,0.8514703832752614,40.2,True
CD209,Endometrial_GCST006464,Wald ratio,1,0.0386,0.0457,0.398,1.0393,0.9503,1.1366,0.8514703832752614,43.8,True
SELL,Endometrial_GCST006464,Wald ratio,1,-0.0256,0.0304,0.398,0.9747,0.9184,1.0344,0.8514703832752614,84.7,True
ITGB6,Endometrial_GCST006464,Wald ratio,1,-0.0388,0.0455,0.394,0.962,0.8799,1.0517,0.8514703832752614,36.4,True
B3GNT7,Endometrial_GCST006464,Wald ratio,1,0.0172,0.0204,0.4,1.0173,0.9774,1.0589,0.8519515570934257,355.2,True
CD8A,Endometrial_GCST006464,Wald ratio,1,0.031,0.0362,0.392,1.0314,0.9608,1.1073,0.8514703832752614,44.4,True
TLR3,Endometrial_GCST006464,Wald ratio,1,-0.0126,0.015,0.398,0.9874,0.9589,1.0168,0.8514703832752614,712.0,True
ENPP5,Endometrial_GCST006464,Inverse variance weighted,2,-0.0121,0.014,0.387,0.9879,0.9612,1.0155,0.8514703832752614,301.5,True
CST5,Endometrial_GCST006464,Inverse variance weighted,2,-0.0138,0.0164,0.401,0.9863,0.955,1.0186,0.8519515570934257,152.3,True
GLIPR1,Endometrial_GCST006464,Wald ratio,1,-0.0386,0.0466,0.407,0.9621,0.8781,1.0541,0.8528941979522184,33.3,True
EDDM3B,Endometrial_GCST006464,Wald ratio,1,-0.0268,0.0321,0.404,0.9736,0.9142,1.0368,0.852426116838488,61.8,True
SERPINF1,Endometrial_GCST006464,Wald ratio,1,0.0358,0.043,0.404,1.0365,0.9528,1.1276,0.852426116838488,45.0,True
SPINK1,Endometrial_GCST006464,Wald ratio,1,0.0311,0.0374,0.406,1.0316,0.9587,1.11,0.8528941979522184,47.9,True
KLK15,Endometrial_GCST006464,MR Egger,4,-0.0374,0.0361,0.409,0.9633,0.8975,1.0339,,130.4,False
CDNF,Endometrial_GCST006464,Wald ratio,1,-0.046,0.0569,0.419,0.955,0.8542,1.0677,0.8612211221122111,48.2,True
AAMDC,Endometrial_GCST006464,Wald ratio,1,0.0202,0.0257,0.431,1.0204,0.9704,1.073,0.8648169934640524,297.3,True
SERPINA9,Endometrial_GCST006464,Inverse variance weighted,3,-0.027,0.0335,0.42,0.9733,0.9114,1.0395,0.8612211221122111,42.3,True
PPCDC,Endometrial_GCST006464,Inverse variance weighted,3,0.0274,0.034,0.42,1.0278,0.9616,1.0986,0.8612211221122111,94.4,True
LRRC37A2,Endometrial_GCST006464,MR Egger,3,0.0415,0.0334,0.431,1.0424,0.9764,1.1128,,212.1,False
CD101,Endometrial_GCST006464,MR Egger,3,-0.142,0.1096,0.419,0.8676,0.6999,1.0756,,98.8,False
MYOC,Endometrial_GCST006464,Wald ratio,1,-0.0368,0.0455,0.419,0.9639,0.8817,1.0538,0.8612211221122111,35.0,True
PLA2G2A,Endometrial_GCST006464,Wald ratio,1,0.0173,0.0217,0.425,1.0175,0.9751,1.0617,0.8612211221122111,290.7,True
PM20D1,Endometrial_GCST006464,Weighted median,3,-0.0136,0.0171,0.428,0.9865,0.9539,1.0202,,136.8,False
ITPA,Endometrial_GCST006464,Inverse variance weighted,2,0.0182,0.0226,0.42,1.0184,0.9743,1.0645,0.8612211221122111,48.5,True
AHCY,Endometrial_GCST006464,Wald ratio,1,0.0308,0.0385,0.424,1.0313,0.9563,1.1121,0.8612211221122111,47.3,True
VSNL1,Endometrial_GCST006464,Wald ratio,1,-0.034,0.0422,0.42,0.9666,0.8899,1.0499,0.8612211221122111,48.3,True
SUSD5,Endometrial_GCST006464,Inverse variance weighted,3,-0.0195,0.0246,0.427,0.9807,0.9346,1.029,0.8624276315789473,56.8,True
DCBLD2,Endometrial_GCST006464,Wald ratio,1,-0.0379,0.048,0.43,0.9628,0.8763,1.0579,0.8648169934640524,44.2,True
GRIK2,Endometrial_GCST006464,Wald ratio,1,0.036,0.045,0.423,1.0367,0.9492,1.1322,0.8612211221122111,66.4,True
ASAH1,Endometrial_GCST006464,Inverse variance weighted,2,-0.0185,0.0231,0.422,0.9817,0.9382,1.0271,0.8612211221122111,84.9,True
KLK15,Endometrial_GCST006464,Weighted median,4,-0.0125,0.016,0.436,0.9876,0.957,1.0191,,130.4,False
DKK3,Endometrial_GCST006464,Wald ratio,1,-0.0346,0.0448,0.44,0.966,0.8847,1.0547,0.8800000000000001,45.2,True
CTSF,Endometrial_GCST006464,Wald ratio,1,-0.066,0.088,0.453,0.9361,0.7879,1.1123,0.8851671924290221,37.8,True
SERPINA11,Endometrial_GCST006464,Inverse variance weighted,2,0.0179,0.0236,0.448,1.0181,0.9721,1.0662,0.8851671924290221,79.6,True
AOC3,Endometrial_GCST006464,Wald ratio,1,0.019,0.0252,0.451,1.0191,0.9701,1.0707,0.8851671924290221,108.9,True
CLUL1,Endometrial_GCST006464,Weighted median,3,0.0172,0.023,0.455,1.0173,0.9724,1.0643,,86.7,False
PVR,Endometrial_GCST006464,Inverse variance weighted,2,-0.0206,0.0272,0.449,0.9796,0.9287,1.0333,0.8851671924290221,140.6,True
PGD,Endometrial_GCST006464,Wald ratio,1,-0.0464,0.0619,0.453,0.9546,0.8456,1.0777,0.8851671924290221,46.1,True
CRYGD,Endometrial_GCST006464,Weighted median,4,0.0094,0.0126,0.455,1.0095,0.9848,1.0347,,171.8,False
SUSD5,Endometrial_GCST006464,MR Egger,3,0.2936,0.2492,0.448,1.3413,0.8231,2.1858,,56.8,False
SUSD5,Endometrial_GCST006464,Weighted median,3,-0.0219,0.0292,0.455,0.9784,0.9239,1.0361,,56.8,False
KDR,Endometrial_GCST006464,Wald ratio,1,-0.0315,0.0423,0.457,0.969,0.8918,1.0528,0.8851671924290221,64.2,True
PCDH12,Endometrial_GCST006464,Wald ratio,1,0.0372,0.0495,0.452,1.0379,0.9419,1.1437,0.8851671924290221,31.3,True
CDH6,Endometrial_GCST006464,Inverse variance weighted,2,0.0173,0.0231,0.455,1.0175,0.9723,1.0647,0.8851671924290221,47.8,True
HDDC2,Endometrial_GCST006464,Wald ratio,1,-0.0223,0.0299,0.456,0.9779,0.9222,1.0371,0.8851671924290221,60.5,True
ENPP2,Endometrial_GCST006464,Wald ratio,1,0.0304,0.0396,0.442,1.0309,0.9539,1.1141,0.8811298701298701,56.7,True
KAZALD1,Endometrial_GCST006464,Wald ratio,1,-0.0217,0.0293,0.46,0.9786,0.9239,1.0365,0.8864625,189.4,True
RET,Endometrial_GCST006464,Inverse variance weighted,2,-0.0249,0.0338,0.462,0.9755,0.9129,1.0422,0.8864625,35.8,True
LILRA2,Endometrial_GCST006464,Wald ratio,1,-0.018,0.0245,0.462,0.9822,0.9362,1.0304,0.8864625,175.1,True
KLK14,Endometrial_GCST006464,Wald ratio,1,0.0323,0.0446,0.468,1.0329,0.9464,1.1272,0.8923975155279504,35.2,True
MDGA1,Endometrial_GCST006464,Inverse variance weighted,2,-0.0088,0.0121,0.467,0.9912,0.968,1.015,0.8923975155279504,445.8,True
KLK13,Endometrial_GCST006464,Wald ratio,1,0.0217,0.0303,0.473,1.022,0.9631,1.0844,0.8968121212121212,92.5,True
PRND,Endometrial_GCST006464,Wald ratio,1,0.0406,0.0575,0.48,1.0415,0.9305,1.1657,0.8968121212121212,38.6,True
GALNT5,Endometrial_GCST006464,Inverse variance weighted,3,0.0217,0.0308,0.482,1.0219,0.962,1.0855,0.8968121212121212,37.3,True
ADAM23,Endometrial_GCST006464,Inverse variance weighted,3,0.0152,0.0214,0.477,1.0153,0.9736,1.0588,0.8968121212121212,40.1,True
CRYGD,Endometrial_GCST006464,Inverse variance weighted,4,0.0082,0.0116,0.482,1.0082,0.9855,1.0314,0.8968121212121212,171.8,True
STX7,Endometrial_GCST006464,Wald ratio,1,0.0163,0.023,0.479,1.0164,0.9716,1.0633,0.8968121212121212,182.0,True
THBS2,Endometrial_GCST006464,Inverse variance weighted,2,0.0189,0.0269,0.482,1.0191,0.9668,1.0742,0.8968121212121212,68.7,True
FCN2,Endometrial_GCST006464,Inverse variance weighted,2,0.0158,0.0224,0.482,1.0159,0.9722,1.0615,0.8968121212121212,206.4,True
IL31RA,Endometrial_GCST006464,Weighted median,3,0.0137,0.0197,0.487,1.0138,0.9754,1.0537,,91.8,False
LIPF,Endometrial_GCST006464,Wald ratio,1,0.0316,0.0464,0.496,1.0321,0.9424,1.1303,0.9066374269005848,31.5,True
WASHC3,Endometrial_GCST006464,Wald ratio,1,-0.0266,0.0397,0.502,0.9737,0.9009,1.0525,0.9066374269005848,59.3,True
LGALS3,Endometrial_GCST006464,Inverse variance weighted,2,0.0151,0.0221,0.496,1.0152,0.9721,1.0601,0.9066374269005848,86.7,True
CPPED1,Endometrial_GCST006464,Wald ratio,1,-0.0145,0.0215,0.502,0.9856,0.9449,1.0281,0.9066374269005848,199.9,True
PYDC1,Endometrial_GCST006464,Wald ratio,1,0.0251,0.0365,0.492,1.0254,0.9546,1.1015,0.9066374269005848,63.5,True
SCARF1,Endometrial_GCST006464,Wald ratio,1,-0.0159,0.0238,0.503,0.9842,0.9394,1.0311,0.9066374269005848,142.6,True
FCAR,Endometrial_GCST006464,Wald ratio,1,0.0179,0.0269,0.505,1.0181,0.9659,1.0731,0.9066374269005848,146.9,True
PTPRH,Endometrial_GCST006464,Inverse variance weighted,2,-0.0236,0.0341,0.49,0.9767,0.9135,1.0443,0.9066374269005848,88.3,True
NAGK,Endometrial_GCST006464,Wald ratio,1,0.0271,0.04,0.497,1.0275,0.9501,1.1112,0.9066374269005848,49.6,True
LRP11,Endometrial_GCST006464,Wald ratio,1,0.0177,0.0265,0.504,1.0179,0.9664,1.0721,0.9066374269005848,130.7,True
DNPH1,Endometrial_GCST006464,Wald ratio,1,0.0237,0.0349,0.497,1.024,0.9563,1.0964,0.9066374269005848,44.1,True
CPVL,Endometrial_GCST006464,Inverse variance weighted,2,-0.0132,0.0196,0.499,0.9869,0.9497,1.0254,0.9066374269005848,119.7,True
CCL24,Endometrial_GCST006464,MR Egger,3,-0.0288,0.0291,0.503,0.9716,0.9178,1.0286,,183.3,False
AGT,Endometrial_GCST006464,Wald ratio,1,0.0287,0.0434,0.509,1.0291,0.9452,1.1204,0.9076521739130434,52.7,True
SORCS2,Endometrial_GCST006464,Wald ratio,1,0.0175,0.0266,0.51,1.0177,0.966,1.0722,0.9076521739130434,127.6,True
PODXL,Endometrial_GCST006464,Wald ratio,1,-0.0386,0.0582,0.507,0.9622,0.8585,1.0784,0.9075743440233236,34.5,True
TMEM132A,Endometrial_GCST006464,Wald ratio,1,0.0178,0.0287,0.535,1.0179,0.9623,1.0768,0.9125193370165746,120.3,True
SMPD1,Endometrial_GCST006464,Wald ratio,1,-0.0245,0.0389,0.529,0.9758,0.9042,1.0531,0.9125193370165746,61.6,True
CLEC7A,Endometrial_GCST006464,Inverse variance weighted,2,-0.0105,0.0164,0.523,0.9896,0.9583,1.0219,0.9125193370165746,169.9,True
LTBR,Endometrial_GCST006464,Wald ratio,1,-0.0266,0.0432,0.538,0.9738,0.8948,1.0597,0.9125193370165746,41.1,True
GPC5,Endometrial_GCST006464,MR Egger,3,0.0614,0.0644,0.515,1.0633,0.9373,1.2063,,113.4,False
TPSD1,Endometrial_GCST006464,Wald ratio,1,-0.0252,0.0402,0.531,0.9751,0.9011,1.0551,0.9125193370165746,51.0,True
NAGPA,Endometrial_GCST006464,Inverse variance weighted,2,0.0166,0.0268,0.537,1.0167,0.9647,1.0715,0.9125193370165746,40.1,True
PLXDC1,Endometrial_GCST006464,Wald ratio,1,0.0559,0.0882,0.526,1.0575,0.8896,1.2569,0.9125193370165746,71.8,True
CEACAM16,Endometrial_GCST006464,MR Egger,3,0.0794,0.0893,0.537,1.0827,0.9088,1.2898,,35.8,False
SIGLEC9,Endometrial_GCST006464,Inverse variance weighted,2,-0.0103,0.016,0.52,0.9898,0.9593,1.0212,0.9125193370165746,168.9,True
LILRA6,Endometrial_GCST006464,Wald ratio,1,0.013,0.0201,0.516,1.0131,0.9741,1.0538,0.9125193370165746,325.9,True
GP6,Endometrial_GCST006464,Wald ratio,1,-0.0185,0.03,0.537,0.9817,0.9257,1.0411,0.9125193370165746,71.1,True
FCGR3B,Endometrial_GCST006464,Wald ratio,1,0.0168,0.0264,0.525,1.0169,0.9657,1.0709,0.9125193370165746,162.8,True
SELP,Endometrial_GCST006464,Wald ratio,1,-0.0273,0.043,0.525,0.9731,0.8945,1.0586,0.9125193370165746,58.5,True
CFHR5,Endometrial_GCST006464,Wald ratio,1,-0.0302,0.047,0.521,0.9702,0.8848,1.0639,0.9125193370165746,164.0,True
CHIT1,Endometrial_GCST006464,MR Egger,3,0.0308,0.0339,0.53,1.0313,0.965,1.1022,,192.8,False
LBP,Endometrial_GCST006464,Wald ratio,1,0.0152,0.0246,0.537,1.0153,0.9675,1.0655,0.9125193370165746,312.7,True
MST1,Endometrial_GCST006464,Wald ratio,1,-0.0109,0.0169,0.519,0.9891,0.9569,1.0225,0.9125193370165746,471.7,True
VNN1,Endometrial_GCST006464,Inverse variance weighted,4,-0.0072,0.0115,0.532,0.9929,0.9707,1.0155,0.9125193370165746,212.9,True
GPNMB,Endometrial_GCST006464,Inverse variance weighted,2,-0.0196,0.0312,0.53,0.9806,0.9225,1.0424,0.9125193370165746,43.3,True
NCAM1,Endometrial_GCST006464,MR Egger,3,0.1994,0.2285,0.543,1.2206,0.78,1.9102,,37.7,False
DPEP1,Endometrial_GCST006464,Inverse variance weighted,2,0.0087,0.0143,0.542,1.0087,0.9809,1.0373,0.9167713498622589,243.1,True
RNASET2,Endometrial_GCST006464,Wald ratio,1,-0.0268,0.0442,0.544,0.9736,0.8928,1.0616,0.9176263736263737,41.7,True
MRI1,Endometrial_GCST006464,Inverse variance weighted,2,-0.0238,0.0395,0.546,0.9764,0.9037,1.0551,0.9184767123287672,78.1,True
MASP1,Endometrial_GCST006464,Wald ratio,1,-0.03,0.05,0.548,0.9704,0.8798,1.0704,0.9184904632152588,32.2,True
SPINK2,Endometrial_GCST006464,Wald ratio,1,0.0199,0.0332,0.549,1.0201,0.9558,1.0886,0.9184904632152588,75.8,True
IL31RA,Endometrial_GCST006464,Inverse variance weighted,3,0.01,0.0169,0.552,1.0101,0.9772,1.044,0.9210000000000002,91.8,True
MMP3,Endometrial_GCST006464,Wald ratio,1,-0.0172,0.0292,0.556,0.983,0.9283,1.0409,0.9226594594594595,100.8,True
ICAM3,Endometrial_GCST006464,Wald ratio,1,-0.0281,0.0477,0.556,0.9723,0.8855,1.0676,0.9226594594594595,34.8,True
C7,Endometrial_GCST006464,Inverse variance weighted,2,0.0175,0.0299,0.559,1.0176,0.9598,1.0789,0.9251152815013406,108.8,True
ADAMTS8,Endometrial_GCST006464,Wald ratio,1,0.0201,0.035,0.565,1.0203,0.9527,1.0928,0.9267306666666665,72.4,True
PPCDC,Endometrial_GCST006464,MR Egger,3,-0.1555,0.1924,0.567,0.856,0.587,1.2482,,94.4,False
PSG1,Endometrial_GCST006464,Wald ratio,1,-0.0192,0.0335,0.566,0.981,0.9187,1.0475,0.9267306666666665,118.2,True
LAIR1,Endometrial_GCST006464,Inverse variance weighted,2,0.0211,0.0363,0.562,1.0213,0.9511,1.0967,0.9251152815013406,111.8,True
ACP6,Endometrial_GCST006464,Inverse variance weighted,2,0.0109,0.0187,0.561,1.0109,0.9745,1.0487,0.9251152815013406,235.3,True
PCDHB15,Endometrial_GCST006464,MR Egger,3,0.0467,0.0576,0.566,1.0478,0.9359,1.1732,,50.4,False
VNN2,Endometrial_GCST006464,MR Egger,3,-0.0572,0.0713,0.57,0.9444,0.8213,1.086,,125.9,False
CXCL5,Endometrial_GCST006464,Wald ratio,1,0.025,0.0448,0.577,1.0253,0.9391,1.1195,0.9422287234042552,37.0,True
MMP7,Endometrial_GCST006464,Wald ratio,1,-0.0219,0.049,0.655,0.9784,0.8888,1.077,0.9525607476635515,39.9,True
PTS,Endometrial_GCST006464,Wald ratio,1,0.0275,0.0568,0.629,1.0278,0.9195,1.1489,0.9525607476635515,30.5,True
NCAM1,Endometrial_GCST006464,Weighted median,3,-0.0145,0.0335,0.665,0.9856,0.923,1.0525,,37.7,False
TMPRSS5,Endometrial_GCST006464,Wald ratio,1,0.0093,0.0209,0.657,1.0093,0.9688,1.0514,0.9525607476635515,253.5,True
PCSK7,Endometrial_GCST006464,Wald ratio,1,0.0195,0.0437,0.656,1.0197,0.936,1.1108,0.9525607476635515,44.9,True
NCR3LG1,Endometrial_GCST006464,Wald ratio,1,0.0176,0.0385,0.647,1.0177,0.9438,1.0974,0.9525607476635515,53.1,True
EPS8L2,Endometrial_GCST006464,Wald ratio,1,-0.0217,0.0471,0.645,0.9785,0.8923,1.0731,0.9525607476635515,38.1,True
PXN,Endometrial_GCST006464,Wald ratio,1,-0.0118,0.0273,0.664,0.9882,0.9368,1.0425,0.9525607476635515,126.4,True
OLFM4,Endometrial_GCST006464,Wald ratio,1,-0.009,0.0205,0.66,0.991,0.9521,1.0316,0.9525607476635515,291.8,True
GPC5,Endometrial_GCST006464,Inverse variance weighted,3,0.008,0.0187,0.67,1.008,0.9717,1.0457,0.954477958236659,113.4,True
GPC5,Endometrial_GCST006464,Weighted median,3,0.0112,0.0202,0.58,1.0112,0.972,1.0521,,113.4,False
RNASE10,Endometrial_GCST006464,Inverse variance weighted,3,-0.0117,0.023,0.61,0.9883,0.9447,1.0339,0.9525607476635515,179.9,True
COCH,Endometrial_GCST006464,Wald ratio,1,-0.0193,0.0399,0.628,0.9808,0.907,1.0607,0.9525607476635515,49.5,True
SERPINA9,Endometrial_GCST006464,MR Egger,3,-0.2002,0.2988,0.624,0.8186,0.4557,1.4702,,42.3,False
SERPINA4,Endometrial_GCST006464,Inverse variance weighted,2,-0.0248,0.0527,0.638,0.9755,0.8798,1.0817,0.9525607476635515,50.3,True
TYRO3,Endometrial_GCST006464,Inverse variance weighted,2,0.0093,0.0207,0.654,1.0093,0.9692,1.0512,0.9525607476635515,105.5,True
SCG3,Endometrial_GCST006464,Wald ratio,1,-0.0119,0.0253,0.638,0.9882,0.9404,1.0384,0.9525607476635515,94.1,True
CD276,Endometrial_GCST006464,Wald ratio,1,-0.0091,0.0209,0.663,0.991,0.9513,1.0323,0.9525607476635515,360.9,True
CTRB1,Endometrial_GCST006464,Wald ratio,1,0.0084,0.0163,0.608,1.0084,0.9766,1.0412,0.9525607476635515,33.1,True
CCL16,Endometrial_GCST006464,Wald ratio,1,-0.0099,0.0226,0.661,0.9901,0.9472,1.035,0.9525607476635515,154.7,True
FAM20A,Endometrial_GCST006464,Inverse variance weighted,2,-0.0177,0.0384,0.645,0.9825,0.9112,1.0594,0.9525607476635515,38.5,True
CD7,Endometrial_GCST006464,Wald ratio,1,0.018,0.0386,0.641,1.0182,0.9439,1.0982,0.9525607476635515,57.8,True
DCC,Endometrial_GCST006464,Wald ratio,1,-0.0145,0.0319,0.649,0.9856,0.9259,1.0492,0.9525607476635515,77.9,True
ICAM5,Endometrial_GCST006464,Wald ratio,1,-0.0091,0.0216,0.672,0.9909,0.9499,1.0337,0.9551111111111111,254.7,True
CEACAM16,Endometrial_GCST006464,Weighted median,3,-0.0174,0.0368,0.636,0.9827,0.9144,1.0562,,35.8,False
KLK15,Endometrial_GCST006464,Inverse variance weighted,4,-0.0058,0.0136,0.668,0.9942,0.9681,1.021,0.9538418604651164,130.4,True
KLK10,Endometrial_GCST006464,Inverse variance weighted,2,0.0082,0.0171,0.631,1.0083,0.9749,1.0427,0.9525607476635515,160.6,True
CD33,Endometrial_GCST006464,Weighted median,3,-0.0065,0.0126,0.603,0.9935,0.9692,1.0183,,386.5,False
SIGLEC8,Endometrial_GCST006464,Inverse variance weighted,2,0.0208,0.04,0.602,1.0211,0.9441,1.1042,0.9525607476635515,119.8,True
OSCAR,Endometrial_GCST006464,Wald ratio,1,-0.0184,0.0335,0.583,0.9818,0.9194,1.0484,0.9469894179894179,84.9,True
LAIR2,Endometrial_GCST006464,Inverse variance weighted,3,0.0097,0.0197,0.623,1.0097,0.9715,1.0494,0.9525607476635515,85.6,True
LILRB4,Endometrial_GCST006464,Wald ratio,1,0.028,0.059,0.636,1.0284,0.916,1.1545,0.9525607476635515,35.0,True
SSC5D,Endometrial_GCST006464,Wald ratio,1,-0.0145,0.0294,0.622,0.9856,0.9304,1.0441,0.9525607476635515,108.9,True
RETN,Endometrial_GCST006464,Wald ratio,1,-0.0264,0.049,0.59,0.974,0.8848,1.0721,0.9525607476635515,34.2,True
CTSS,Endometrial_GCST006464,Inverse variance weighted,2,-0.0132,0.0286,0.644,0.9869,0.9332,1.0437,0.9525607476635515,35.7,True
FCRL3,Endometrial_GCST006464,Wald ratio,1,-0.008,0.0163,0.625,0.9921,0.9609,1.0243,0.9525607476635515,452.8,True
FCRL2,Endometrial_GCST006464,Inverse variance weighted,2,-0.0103,0.0227,0.651,0.9898,0.9468,1.0348,0.9525607476635515,77.2,True
LY9,Endometrial_GCST006464,Inverse variance weighted,2,-0.0146,0.0289,0.613,0.9855,0.9312,1.0429,0.9525607476635515,58.8,True
FCGR2A,Endometrial_GCST006464,Inverse variance weighted,2,-0.0122,0.0278,0.659,0.9878,0.9355,1.0431,0.9525607476635515,279.3,True
CD164L2,Endometrial_GCST006464,Wald ratio,1,-0.0149,0.029,0.607,0.9852,0.9307,1.0428,0.9525607476635515,135.6,True
TACSTD2,Endometrial_GCST006464,Wald ratio,1,-0.0093,0.0222,0.677,0.9908,0.9486,1.0348,0.957783410138249,164.8,True
IL10RB,Endometrial_GCST006464,Wald ratio,1,-0.0119,0.029,0.68,0.9881,0.9336,1.0459,0.9590229357798166,111.8,True
GSTT2B,Endometrial_GCST006464,MR Egger,3,0.0376,0.0682,0.679,1.0383,0.9083,1.1869,,336.6,False
GGT1,Endometrial_GCST006464,Wald ratio,1,0.0244,0.0466,0.6,1.0247,0.9353,1.1227,0.9525607476635515,34.8,True
CSF2RB,Endometrial_GCST006464,Wald ratio,1,0.0058,0.014,0.681,1.0058,0.9786,1.0337,0.9590229357798166,1152.6,True
GALNT5,Endometrial_GCST006464,Weighted median,3,0.0186,0.0338,0.582,1.0188,0.9534,1.0887,,37.3,False
HS1BP3,Endometrial_GCST006464,Wald ratio,1,-0.0225,0.0476,0.637,0.9778,0.8906,1.0735,0.9525607476635515,40.0,True
ADAM23,Endometrial_GCST006464,MR Egger,3,-0.0536,0.0956,0.675,0.9478,0.7859,1.143,,40.1,False
SERPINE2,Endometrial_GCST006464,Wald ratio,1,-0.0188,0.0413,0.649,0.9814,0.905,1.0642,0.9525607476635515,57.4,True
GPC1,Endometrial_GCST006464,Wald ratio,1,-0.024,0.0466,0.607,0.9763,0.891,1.0697,0.9525607476635515,33.0,True
PLB1,Endometrial_GCST006464,Wald ratio,1,0.0087,0.0194,0.655,1.0087,0.9711,1.0477,0.9525607476635515,349.7,True
PDE5A,Endometrial_GCST006464,Wald ratio,1,-0.0216,0.0459,0.639,0.9787,0.8944,1.0709,0.9525607476635515,37.4,True
GNPDA2,Endometrial_GCST006464,Wald ratio,1,0.0144,0.0282,0.609,1.0145,0.96,1.0722,0.9525607476635515,108.2,True
PSAPL1,Endometrial_GCST006464,Weighted median,3,-0.0083,0.0198,0.676,0.9917,0.954,1.031,,113.1,False
PDCD6,Endometrial_GCST006464,Wald ratio,1,-0.0088,0.016,0.583,0.9913,0.9608,1.0228,0.9469894179894179,437.5,True
OSMR,Endometrial_GCST006464,Wald ratio,1,0.0135,0.0294,0.646,1.0136,0.9568,1.0738,0.9525607476635515,80.2,True
C9,Endometrial_GCST006464,Wald ratio,1,-0.0234,0.0499,0.639,0.9769,0.8858,1.0773,0.9525607476635515,31.7,True
IL31RA,Endometrial_GCST006464,MR Egger,3,0.0279,0.042,0.627,1.0283,0.947,1.1166,,91.8,False
GLRX,Endometrial_GCST006464,Wald ratio,1,0.0145,0.0301,0.631,1.0146,0.9565,1.0762,0.9525607476635515,100.5,True
VNN2,Endometrial_GCST006464,Inverse variance weighted,3,-0.008,0.0174,0.647,0.9921,0.9589,1.0264,0.9525607476635515,125.9,True
ULBP2,Endometrial_GCST006464,Weighted median,3,-0.01,0.0227,0.659,0.99,0.947,1.035,,87.3,False
LPA,Endometrial_GCST006464,Weighted median,4,-0.0112,0.0245,0.647,0.9889,0.9426,1.0374,,50.4,False
CRISP3,Endometrial_GCST006464,Wald ratio,1,0.0107,0.0235,0.65,1.0107,0.9652,1.0584,0.9525607476635515,167.1,True
CRISP2,Endometrial_GCST006464,MR Egger,3,0.0341,0.0594,0.668,1.0347,0.9209,1.1625,,104.5,False
GFRAL,Endometrial_GCST006464,Inverse variance weighted,2,-0.0163,0.0355,0.645,0.9838,0.9177,1.0547,0.9525607476635515,34.3,True
CPA4,Endometrial_GCST006464,Wald ratio,1,0.015,0.0315,0.634,1.0151,0.9543,1.0798,0.9525607476635515,87.8,True
PSCA,Endometrial_GCST006464,Wald ratio,1,-0.0069,0.0132,0.599,0.9931,0.9677,1.0191,0.9525607476635515,1273.9,True
FGL1,Endometrial_GCST006464,Inverse variance weighted,2,-0.0162,0.034,0.633,0.9839,0.9204,1.0518,0.9525607476635515,134.4,True
TNFRSF10C,Endometrial_GCST006464,Wald ratio,1,-0.0224,0.0522,0.668,0.9779,0.8828,1.0832,0.9538418604651164,31.3,True
PTGR1,Endometrial_GCST006464,Wald ratio,1,-0.0238,0.0455,0.601,0.9765,0.8933,1.0675,0.9525607476635515,35.2,True
OBP2B,Endometrial_GCST006464,Wald ratio,1,-0.0117,0.0233,0.615,0.9884,0.9443,1.0345,0.9525607476635515,251.6,True
DBH,Endometrial_GCST006464,MR Egger,3,0.0248,0.0416,0.658,1.0251,0.9448,1.1122,,206.9,False
ENTPD2,Endometrial_GCST006464,Inverse variance weighted,2,-0.0166,0.0331,0.615,0.9835,0.9218,1.0494,0.9525607476635515,38.0,True
CD274,Endometrial_GCST006464,Wald ratio,1,-0.014,0.0336,0.677,0.9861,0.9233,1.0532,0.957783410138249,69.3,True
DKKL1,Endometrial_GCST006464,Wald ratio,1,0.0055,0.0136,0.683,1.0056,0.9792,1.0327,0.9596384439359268,470.7,True
RNASE4,Endometrial_GCST006464,Wald ratio,1,-0.0148,0.0364,0.686,0.9854,0.9174,1.0583,0.9616529680365297,64.4,True
CLUL1,Endometrial_GCST006464,Inverse variance weighted,3,0.0081,0.0203,0.69,1.0081,0.9689,1.049,0.9621160714285714,86.7,True
GC,Endometrial_GCST006464,Inverse variance weighted,2,-0.0039,0.0098,0.689,0.9961,0.9771,1.0154,0.9621160714285714,747.5,True
FGFBP3,Endometrial_GCST006464,Wald ratio,1,0.0143,0.0364,0.695,1.0144,0.9446,1.0893,0.9621160714285714,61.1,True
PLA2G15,Endometrial_GCST006464,Wald ratio,1,0.0284,0.0742,0.702,1.0288,0.8896,1.1898,0.9621160714285714,53.5,True
CD101,Endometrial_GCST006464,Inverse variance weighted,3,0.0135,0.0353,0.701,1.0136,0.9459,1.0863,0.9621160714285714,98.8,True
EFNA1,Endometrial_GCST006464,Wald ratio,1,-0.0171,0.0432,0.692,0.983,0.9033,1.0699,0.9621160714285714,41.5,True
FCRL1,Endometrial_GCST006464,Wald ratio,1,-0.0145,0.0376,0.7,0.9856,0.9156,1.061,0.9621160714285714,54.4,True
NPTXR,Endometrial_GCST006464,Wald ratio,1,0.0121,0.0307,0.693,1.0122,0.9531,1.0749,0.9621160714285714,174.0,True
REG1B,Endometrial_GCST006464,Inverse variance weighted,2,-0.0139,0.036,0.701,0.9862,0.919,1.0584,0.9621160714285714,37.6,True
NAAA,Endometrial_GCST006464,Wald ratio,1,-0.0112,0.0291,0.699,0.9888,0.9341,1.0468,0.9621160714285714,109.9,True
GSTT2B,Endometrial_GCST006464,Weighted median,3,-0.0044,0.0118,0.71,0.9956,0.9728,1.019,,336.6,False
SERPINI1,Endometrial_GCST006464,Inverse variance weighted,2,0.0114,0.0305,0.709,1.0114,0.9528,1.0737,0.9695456570155901,57.3,True
SERPINA3,Endometrial_GCST006464,Wald ratio,1,0.0134,0.0364,0.713,1.0134,0.9437,1.0883,0.9706917960088691,46.5,True
FCRLB,Endometrial_GCST006464,Inverse variance weighted,2,-0.0091,0.0246,0.713,0.991,0.9444,1.0399,0.9706917960088691,85.2,True
CASP7,Endometrial_GCST006464,Wald ratio,1,0.0059,0.0384,0.877,1.006,0.9331,1.0845,0.9906133768352365,50.0,True
GFRA1,Endometrial_GCST006464,Wald ratio,1,0.014,0.0419,0.738,1.0141,0.9342,1.1008,0.9784065040650407,61.7,True
CPXM2,Endometrial_GCST006464,Wald ratio,1,0.005,0.0338,0.882,1.005,0.9405,1.074,0.9906133768352365,105.6,True
MGMT,Endometrial_GCST006464,Inverse variance weighted,2,0.003,0.027,0.912,1.003,0.9514,1.0574,0.9906133768352365,70.4,True
ADAM8,Endometrial_GCST006464,Wald ratio,1,0.0007,0.0341,0.983,1.0007,0.9361,1.0698,0.9906133768352365,74.2,True
NRP1,Endometrial_GCST006464,Wald ratio,1,0.0119,0.0351,0.734,1.012,0.9447,1.0841,0.9784065040650407,62.0,True
MSMB,Endometrial_GCST006464,Inverse variance weighted,2,-0.0034,0.0118,0.774,0.9966,0.9738,1.02,0.9784065040650407,398.7,True
ASAH2,Endometrial_GCST006464,Wald ratio,1,-0.004,0.0283,0.888,0.996,0.9423,1.0528,0.9906133768352365,98.5,True
IL2RA,Endometrial_GCST006464,Inverse variance weighted,2,0.0013,0.0313,0.966,1.0013,0.9418,1.0646,0.9906133768352365,71.7,True
MMP8,Endometrial_GCST006464,Wald ratio,1,-0.0105,0.0417,0.802,0.9896,0.9119,1.0739,0.9794761904761905,43.3,True
NCAM1,Endometrial_GCST006464,Inverse variance weighted,3,-0.0027,0.0268,0.919,0.9973,0.9462,1.0511,0.9906133768352365,37.7,True
TMEM25,Endometrial_GCST006464,Wald ratio,1,-0.0101,0.0355,0.776,0.99,0.9234,1.0613,0.9784065040650407,35.1,True
CRTAM,Endometrial_GCST006464,Wald ratio,1,0.0134,0.0477,0.778,1.0135,0.923,1.1129,0.9784065040650407,42.8,True
NUCB2,Endometrial_GCST006464,Wald ratio,1,0.0025,0.0226,0.911,1.0025,0.9592,1.0479,0.9906133768352365,188.9,True
SAA4,Endometrial_GCST006464,Wald ratio,1,0.0097,0.0383,0.8,1.0097,0.9367,1.0885,0.9794761904761905,60.0,True
NELL1,Endometrial_GCST006464,Inverse variance weighted,2,-0.0038,0.0471,0.936,0.9962,0.9084,1.0925,0.9906133768352365,39.3,True
PAMR1,Endometrial_GCST006464,Inverse variance weighted,2,-0.0022,0.0295,0.94,0.9978,0.9416,1.0572,0.9906133768352365,43.8,True
CDHR5,Endometrial_GCST006464,Inverse variance weighted,3,-0.0059,0.0179,0.741,0.9941,0.9599,1.0295,0.9784065040650407,94.3,True
CDHR5,Endometrial_GCST006464,MR Egger,3,-0.0132,0.0817,0.898,0.9869,0.8408,1.1583,,94.3,False
CDHR5,Endometrial_GCST006464,Weighted median,3,-0.0013,0.0209,0.951,0.9987,0.9587,1.0404,,94.3,False
TCN1,Endometrial_GCST006464,Inverse variance weighted,3,-0.0055,0.0197,0.782,0.9945,0.9568,1.0338,0.9784065040650407,77.2,True
TCN1,Endometrial_GCST006464,MR Egger,3,0.0036,0.086,0.973,1.0036,0.8479,1.188,,77.2,False
TCN1,Endometrial_GCST006464,Weighted median,3,-0.006,0.0212,0.779,0.9941,0.9536,1.0362,,77.2,False
B4GAT1,Endometrial_GCST006464,Wald ratio,1,-0.0167,0.0496,0.736,0.9834,0.8924,1.0838,0.9784065040650407,34.9,True
FOLR3,Endometrial_GCST006464,Inverse variance weighted,2,0.0049,0.015,0.746,1.0049,0.9758,1.0348,0.9784065040650407,404.7,True
CYB5R2,Endometrial_GCST006464,Wald ratio,1,-0.0063,0.0462,0.891,0.9937,0.9076,1.0879,0.9906133768352365,36.0,True
CTSC,Endometrial_GCST006464,Inverse variance weighted,2,0.0011,0.0218,0.961,1.0011,0.9592,1.0447,0.9906133768352365,112.7,True
SWAP70,Endometrial_GCST006464,Wald ratio,1,-0.0138,0.0445,0.756,0.9863,0.904,1.0761,0.9784065040650407,33.5,True
KLRD1,Endometrial_GCST006464,Wald ratio,1,0.0009,0.0346,0.98,1.0009,0.9353,1.0711,0.9906133768352365,73.6,True
VSIG10,Endometrial_GCST006464,Inverse variance weighted,2,0.0033,0.0166,0.843,1.0033,0.9712,1.0365,0.9877900763358778,194.4,True
BCAT1,Endometrial_GCST006464,Wald ratio,1,-0.0113,0.0359,0.753,0.9888,0.9216,1.0609,0.9784065040650407,66.3,True
ACVRL1,Endometrial_GCST006464,Wald ratio,1,-0.0121,0.0382,0.751,0.9879,0.9166,1.0648,0.9784065040650407,64.8,True
TSPAN8,Endometrial_GCST006464,Wald ratio,1,-0.0045,0.0375,0.905,0.9955,0.925,1.0715,0.9906133768352365,50.1,True
F7,Endometrial_GCST006464,Wald ratio,1,-0.0033,0.0308,0.914,0.9967,0.9382,1.0588,0.9906133768352365,72.6,True
ANG,Endometrial_GCST006464,MR Egger,3,-0.0049,0.1039,0.97,0.9951,0.8118,1.2199,,74.5,False
SEL1L,Endometrial_GCST006464,Inverse variance weighted,2,-0.0065,0.0224,0.771,0.9935,0.9509,1.038,0.9784065040650407,96.1,True
ATXN3,Endometrial_GCST006464,Wald ratio,1,0.0039,0.0349,0.911,1.0039,0.9375,1.0751,0.9906133768352365,63.1,True
CTSH,Endometrial_GCST006464,MR Egger,4,0.1193,0.3012,0.73,1.1268,0.6244,2.0333,,287.2,False
IL16,Endometrial_GCST006464,Wald ratio,1,0.0064,0.025,0.797,1.0064,0.9583,1.057,0.9794761904761905,88.9,True
TPSAB1,Endometrial_GCST006464,MR Egger,3,-0.0141,0.1054,0.916,0.986,0.802,1.2122,,87.9,False
PRSS53,Endometrial_GCST006464,MR Egger,4,0.0301,0.0734,0.722,1.0305,0.8924,1.1901,,103.8,False
CES1,Endometrial_GCST006464,Wald ratio,1,-0.0031,0.0374,0.934,0.9969,0.9264,1.0727,0.9906133768352365,79.7,True
IL34,Endometrial_GCST006464,Inverse variance weighted,2,-0.0019,0.0208,0.929,0.9981,0.9582,1.0398,0.9906133768352365,94.8,True
MSLN,Endometrial_GCST006464,Wald ratio,1,0.01,0.0289,0.731,1.01,0.9543,1.0689,0.9784065040650407,104.7,True
CDH15,Endometrial_GCST006464,Wald ratio,1,-0.0025,0.0509,0.962,0.9976,0.9029,1.1022,0.9906133768352365,252.3,True
ALDH3A1,Endometrial_GCST006464,Wald ratio,1,-0.0084,0.0268,0.754,0.9917,0.941,1.0451,0.9784065040650407,115.6,True
BLMH,Endometrial_GCST006464,Wald ratio,1,0.0037,0.0212,0.863,1.0037,0.9628,1.0463,0.9906133768352365,190.1,True
CCL15,Endometrial_GCST006464,Wald ratio,1,0.0026,0.0194,0.892,1.0026,0.9652,1.0416,0.9906133768352365,397.9,True
PYY,Endometrial_GCST006464,Wald ratio,1,-0.0059,0.0467,0.899,0.9941,0.9072,1.0893,0.9906133768352365,31.8,True
LRRC37A2,Endometrial_GCST006464,Inverse variance weighted,3,-0.0029,0.0125,0.815,0.9971,0.973,1.0218,0.9852558139534884,212.1,True
LRRC37A2,Endometrial_GCST006464,Weighted median,3,0.0019,0.013,0.886,1.0019,0.9767,1.0277,,212.1,False
CD300C,Endometrial_GCST006464,Wald ratio,1,0.0024,0.0312,0.937,1.0025,0.943,1.0656,0.9906133768352365,130.7,True
CD300E,Endometrial_GCST006464,Inverse variance weighted,2,-0.0022,0.0238,0.925,0.9978,0.9522,1.0455,0.9906133768352365,72.2,True
SGSH,Endometrial_GCST006464,Wald ratio,1,0.0038,0.019,0.842,1.0038,0.9672,1.0418,0.9877900763358778,303.9,True
CLUL1,Endometrial_GCST006464,MR Egger,3,0.0173,0.103,0.894,1.0174,0.8315,1.2449,,86.7,False
ICAM1,Endometrial_GCST006464,Wald ratio,1,-0.0152,0.0458,0.74,0.9849,0.9003,1.0774,0.9784065040650407,44.6,True
PGLYRP2,Endometrial_GCST006464,Inverse variance weighted,2,-0.0027,0.0122,0.827,0.9973,0.9738,1.0215,0.9852558139534884,497.8,True
BST2,Endometrial_GCST006464,Wald ratio,1,0.021,0.0654,0.749,1.0212,0.8983,1.1608,0.9784065040650407,33.3,True
IL12RB1,Endometrial_GCST006464,Wald ratio,1,-0.0086,0.0728,0.906,0.9914,0.8595,1.1436,0.9906133768352365,37.4,True
IFI30,Endometrial_GCST006464,Inverse variance weighted,2,-0.0058,0.0229,0.799,0.9942,0.9506,1.0398,0.9794761904761905,75.8,True
LRRC25,Endometrial_GCST006464,Wald ratio,1,-0.0009,0.0391,0.982,0.9991,0.9255,1.0786,0.9906133768352365,56.5,True
PEPD,Endometrial_GCST006464,Wald ratio,1,0.0117,0.0385,0.76,1.0118,0.9383,1.0911,0.9784065040650407,47.1,True
SBSN,Endometrial_GCST006464,Wald ratio,1,-0.0057,0.0367,0.876,0.9943,0.9254,1.0684,0.9906133768352365,63.4,True
NPHS1,Endometrial_GCST006464,Wald ratio,1,0.0054,0.0441,0.903,1.0054,0.9222,1.0961,0.9906133768352365,63.4,True
CCER2,Endometrial_GCST006464,Wald ratio,1,-0.0074,0.0632,0.906,0.9926,0.8769,1.1235,0.9906133768352365,34.3,True
CEACAM21,Endometrial_GCST006464,Inverse variance weighted,2,0.0021,0.013,0.869,1.0021,0.9768,1.0281,0.9906133768352365,480.7,True
CEACAM5,Endometrial_GCST006464,Wald ratio,1,-0.001,0.0414,0.98,0.999,0.9211,1.0835,0.9906133768352365,49.5,True
CD177,Endometrial_GCST006464,MR Egger,3,0.0063,0.0681,0.941,1.0063,0.8806,1.1501,,139.9,False
PINLYP,Endometrial_GCST006464,Wald ratio,1,-0.0021,0.0176,0.907,0.9979,0.9641,1.033,0.9906133768352365,352.7,True
CEACAM16,Endometrial_GCST006464,Inverse variance weighted,3,-0.0117,0.0417,0.779,0.9884,0.9108,1.0726,0.9784065040650407,35.8,True
KLK4,Endometrial_GCST006464,Wald ratio,1,-0.0025,0.0381,0.947,0.9975,0.9257,1.0748,0.9906133768352365,42.5,True
KLK7,Endometrial_GCST006464,Inverse variance weighted,2,-0.0087,0.0269,0.745,0.9913,0.9403,1.045,0.9784065040650407,62.7,True
KLK11,Endometrial_GCST006464,Wald ratio,1,-0.0094,0.0524,0.858,0.9907,0.8939,1.0979,0.9906133768352365,39.9,True
KLK12,Endometrial_GCST006464,Wald ratio,1,0.0025,0.0137,0.855,1.0025,0.9759,1.0299,0.9906133768352365,926.3,True
CD33,Endometrial_GCST006464,Inverse variance weighted,3,0.0012,0.0203,0.953,1.0012,0.9621,1.0419,0.9906133768352365,386.5,True
SIGLEC5,Endometrial_GCST006464,Wald ratio,1,0.0008,0.0215,0.97,1.0008,0.9594,1.044,0.9906133768352365,293.1,True
LAIR2,Endometrial_GCST006464,MR Egger,3,-0.0055,0.1,0.965,0.9945,0.8174,1.2098,,85.6,False
LAIR2,Endometrial_GCST006464,Weighted median,3,0.0052,0.0217,0.81,1.0052,0.9633,1.0489,,85.6,False
TNFSF14,Endometrial_GCST006464,Wald ratio,1,0.011,0.0442,0.804,1.0111,0.9271,1.1026,0.9794761904761905,41.5,True
PRTN3,Endometrial_GCST006464,Wald ratio,1,-0.0095,0.0457,0.835,0.9905,0.9056,1.0834,0.9877900763358778,59.1,True
AGRN,Endometrial_GCST006464,Wald ratio,1,-0.0089,0.0561,0.873,0.9911,0.8879,1.1063,0.9906133768352365,37.6,True
CD101,Endometrial_GCST006464,Weighted median,3,0.0039,0.0241,0.87,1.0039,0.9577,1.0525,,98.8,False
HJV,Endometrial_GCST006464,Wald ratio,1,0.0029,0.0636,0.964,1.0029,0.8854,1.1359,0.9906133768352365,31.7,True
CRNN,Endometrial_GCST006464,Wald ratio,1,0.0003,0.025,0.989,1.0003,0.9525,1.0506,0.9906133768352365,131.2,True
ADAM15,Endometrial_GCST006464,Inverse variance weighted,2,0.0009,0.0303,0.976,1.0009,0.9432,1.0622,0.9906133768352365,115.3,True
HDGF,Endometrial_GCST006464,Wald ratio,1,-0.0017,0.0152,0.911,0.9983,0.9691,1.0284,0.9906133768352365,649.3,True
FCRL5,Endometrial_GCST006464,Inverse variance weighted,2,-0.0028,0.0286,0.923,0.9972,0.9428,1.0547,0.9906133768352365,44.3,True
CD48,Endometrial_GCST006464,Wald ratio,1,0.0021,0.0289,0.943,1.0021,0.9468,1.0606,0.9906133768352365,76.7,True
TNN,Endometrial_GCST006464,Inverse variance weighted,2,0.004,0.0175,0.819,1.004,0.9702,1.039,0.9852558139534884,230.9,True
TNR,Endometrial_GCST006464,Wald ratio,1,-0.0092,0.036,0.798,0.9908,0.9232,1.0633,0.9794761904761905,62.0,True
CFHR4,Endometrial_GCST006464,MR Egger,3,-0.0031,0.1085,0.982,0.9969,0.806,1.233,,139.4,False
CFHR2,Endometrial_GCST006464,Inverse variance weighted,2,-0.001,0.0226,0.965,0.999,0.9557,1.0442,0.9906133768352365,197.5,True
CHI3L1,Endometrial_GCST006464,Wald ratio,1,-0.0074,0.0248,0.765,0.9926,0.9455,1.0421,0.9784065040650407,170.9,True
PRELP,Endometrial_GCST006464,Wald ratio,1,-0.0084,0.0378,0.824,0.9916,0.9208,1.0679,0.9852558139534884,31.1,True
NFASC,Endometrial_GCST006464,Wald ratio,1,0.0024,0.0343,0.945,1.0024,0.9373,1.072,0.9906133768352365,56.7,True
PM20D1,Endometrial_GCST006464,Inverse variance weighted,3,0.0007,0.0244,0.978,1.0007,0.9539,1.0497,0.9906133768352365,136.8,True
CR1,Endometrial_GCST006464,Inverse variance weighted,2,-0.0034,0.0204,0.867,0.9966,0.9575,1.0373,0.9906133768352365,120.0,True
LEFTY2,Endometrial_GCST006464,Inverse variance weighted,3,0.0027,0.0128,0.834,1.0027,0.9778,1.0282,0.9877900763358778,167.0,True
LEFTY2,Endometrial_GCST006464,MR Egger,3,-0.0248,0.0987,0.843,0.9755,0.804,1.1836,,167.0,False
LEFTY2,Endometrial_GCST006464,Weighted median,3,0.0003,0.0146,0.985,1.0003,0.9721,1.0293,,167.0,False
GALNT2,Endometrial_GCST006464,Wald ratio,1,0.0076,0.047,0.872,1.0076,0.9189,1.1049,0.9906133768352365,41.4,True
FUCA1,Endometrial_GCST006464,Wald ratio,1,0.0105,0.0433,0.809,1.0105,0.9284,1.1,0.9816719367588934,45.8,True
C8B,Endometrial_GCST006464,Wald ratio,1,0.0108,0.0328,0.743,1.0108,0.9478,1.078,0.9784065040650407,83.9,True
EVI5,Endometrial_GCST006464,Wald ratio,1,0.0041,0.0424,0.922,1.0041,0.9241,1.0911,0.9906133768352365,41.9,True
OXT,Endometrial_GCST006464,Wald ratio,1,0.0088,0.0289,0.76,1.0089,0.9533,1.0678,0.9784065040650407,132.5,True
BPIFB2,Endometrial_GCST006464,Wald ratio,1,-0.0055,0.0478,0.908,0.9945,0.9055,1.0922,0.9906133768352365,42.5,True
ADA,Endometrial_GCST006464,Inverse variance weighted,2,0.0055,0.024,0.819,1.0055,0.9593,1.0539,0.9852558139534884,57.3,True
CHGB,Endometrial_GCST006464,Wald ratio,1,0.0005,0.0266,0.986,1.0005,0.9496,1.0541,0.9906133768352365,126.0,True
IFNGR2,Endometrial_GCST006464,Inverse variance weighted,2,0.0022,0.012,0.854,1.0022,0.9789,1.0261,0.9906133768352365,574.4,True
DSCAM,Endometrial_GCST006464,Wald ratio,1,0.0111,0.0438,0.8,1.0111,0.928,1.1018,0.9794761904761905,65.9,True
GSTT2B,Endometrial_GCST006464,Inverse variance weighted,3,-0.0035,0.0111,0.753,0.9965,0.9751,1.0184,0.9784065040650407,336.6,True
TCN2,Endometrial_GCST006464,Wald ratio,1,0.0074,0.0259,0.774,1.0075,0.9575,1.06,0.9784065040650407,147.5,True
TNFRSF13C,Endometrial_GCST006464,Wald ratio,1,0.0063,0.0286,0.825,1.0063,0.9514,1.0644,0.9852558139534884,97.3,True
CRELD2,Endometrial_GCST006464,Wald ratio,1,-0.0025,0.0287,0.93,0.9975,0.9429,1.0552,0.9906133768352365,78.3,True
PLXNB2,Endometrial_GCST006464,Inverse variance weighted,2,0.0022,0.0179,0.903,1.0022,0.9676,1.038,0.9906133768352365,196.2,True
TYMP,Endometrial_GCST006464,Wald ratio,1,-0.0111,0.034,0.744,0.989,0.9252,1.0571,0.9784065040650407,68.0,True
IL1RL2,Endometrial_GCST006464,Inverse variance weighted,2,0.004,0.0234,0.863,1.004,0.959,1.0512,0.9906133768352365,77.0,True
EDAR,Endometrial_GCST006464,Wald ratio,1,-0.009,0.0437,0.836,0.991,0.9097,1.0796,0.9877900763358778,43.3,True
GALNT5,Endometrial_GCST006464,MR Egger,3,-0.0042,0.1274,0.979,0.9958,0.7757,1.2783,,37.3,False
LY75,Endometrial_GCST006464,Inverse variance weighted,3,-0.0021,0.012,0.858,0.9979,0.9746,1.0216,0.9906133768352365,247.5,True
LY75,Endometrial_GCST006464,MR Egger,3,-0.0271,0.0594,0.727,0.9733,0.8663,1.0934,,247.5,False
LY75,Endometrial_GCST006464,Weighted median,3,-0.0026,0.0132,0.846,0.9974,0.972,1.0235,,247.5,False
FAM171B,Endometrial_GCST006464,Wald ratio,1,0.002,0.033,0.952,1.002,0.9393,1.0689,0.9906133768352365,64.2,True
MATN3,Endometrial_GCST006464,Inverse variance weighted,2,-0.0017,0.0224,0.941,0.9983,0.9554,1.0432,0.9906133768352365,97.8,True
EFHD1,Endometrial_GCST006464,Wald ratio,1,-0.0156,0.0769,0.839,0.9845,0.8467,1.1448,0.9877900763358778,31.8,True
CGREF1,Endometrial_GCST006464,Wald ratio,1,-0.007,0.0281,0.804,0.993,0.9397,1.0494,0.9794761904761905,112.9,True
ATRAID,Endometrial_GCST006464,Wald ratio,1,-0.012,0.0455,0.793,0.9881,0.9037,1.0804,0.9794761904761905,37.2,True
VIT,Endometrial_GCST006464,Wald ratio,1,-0.0103,0.0295,0.727,0.9897,0.9341,1.0487,0.9784065040650407,107.1,True
REG3G,Endometrial_GCST006464,MR Egger,3,-0.0644,0.193,0.795,0.9377,0.6423,1.3688,,59.6,False
TGOLN2,Endometrial_GCST006464,Wald ratio,1,-0.0009,0.0219,0.967,0.9991,0.9571,1.043,0.9906133768352365,176.9,True
CAPG,Endometrial_GCST006464,Inverse variance weighted,2,-0.0006,0.015,0.966,0.9994,0.9704,1.0292,0.9906133768352365,269.5,True
CD200R1,Endometrial_GCST006464,Inverse variance weighted,2,0.0022,0.0151,0.884,1.0022,0.9729,1.0324,0.9906133768352365,110.8,True
PODXL2,Endometrial_GCST006464,Wald ratio,1,-0.0009,0.0646,0.988,0.9991,0.8802,1.134,0.9906133768352365,81.1,True
NUDT16,Endometrial_GCST006464,Wald ratio,1,-0.0031,0.0349,0.928,0.9969,0.931,1.0674,0.9906133768352365,60.9,True
RARRES1,Endometrial_GCST006464,Inverse variance weighted,2,0.0072,0.0326,0.826,1.0072,0.9448,1.0736,0.9852558139534884,51.9,True
IL1RAP,Endometrial_GCST006464,Wald ratio,1,-0.0009,0.0164,0.957,0.9991,0.9675,1.0317,0.9906133768352365,580.6,True
TFRC,Endometrial_GCST006464,Wald ratio,1,0.0069,0.0377,0.855,1.0069,0.9353,1.0841,0.9906133768352365,55.6,True
IL5RA,Endometrial_GCST006464,Inverse variance weighted,2,0.01,0.0366,0.784,1.0101,0.9401,1.0852,0.9784065040650407,36.2,True
GASK1A,Endometrial_GCST006464,Wald ratio,1,-0.0005,0.0219,0.981,0.9995,0.9575,1.0433,0.9906133768352365,148.8,True
FAM3D,Endometrial_GCST006464,Wald ratio,1,-0.0107,0.054,0.843,0.9894,0.89,1.0999,0.9877900763358778,35.2,True
SOD3,Endometrial_GCST006464,Wald ratio,1,-0.0157,0.0474,0.74,0.9844,0.8972,1.0802,0.9784065040650407,80.1,True
HGFAC,Endometrial_GCST006464,Inverse variance weighted,2,-0.0054,0.0398,0.891,0.9946,0.92,1.0752,0.9906133768352365,42.6,True
CYTL1,Endometrial_GCST006464,Inverse variance weighted,2,-0.0005,0.0261,0.985,0.9995,0.9496,1.052,0.9906133768352365,160.8,True
MAN2B2,Endometrial_GCST006464,Wald ratio,1,0.0049,0.0188,0.795,1.0049,0.9685,1.0427,0.9794761904761905,367.1,True
PSAPL1,Endometrial_GCST006464,MR Egger,3,-0.0217,0.0927,0.853,0.9785,0.816,1.1734,,113.1,False
ART3,Endometrial_GCST006464,Wald ratio,1,-0.0041,0.043,0.924,0.9959,0.9153,1.0835,0.9906133768352365,49.1,True
FGF5,Endometrial_GCST006464,Wald ratio,1,-0.0016,0.0254,0.949,0.9984,0.9499,1.0493,0.9906133768352365,152.1,True
HPGDS,Endometrial_GCST006464,Inverse variance weighted,2,0.0062,0.0209,0.766,1.0063,0.9658,1.0484,0.9784065040650407,137.6,True
FBN2,Endometrial_GCST006464,Wald ratio,1,-0.0078,0.0472,0.869,0.9923,0.9045,1.0885,0.9906133768352365,34.4,True
PCDHB15,Endometrial_GCST006464,Inverse variance weighted,3,0.0034,0.0262,0.896,1.0034,0.9532,1.0563,0.9906133768352365,50.4,True
PCDHB15,Endometrial_GCST006464,Weighted median,3,-0.0028,0.0299,0.926,0.9972,0.9404,1.0574,,50.4,False
SPINK6,Endometrial_GCST006464,Inverse variance weighted,2,-0.0133,0.0464,0.775,0.9868,0.901,1.0808,0.9784065040650407,51.1,True
GALNT10,Endometrial_GCST006464,Wald ratio,1,0.0027,0.041,0.948,1.0027,0.9252,1.0866,0.9906133768352365,47.9,True
GHR,Endometrial_GCST006464,Wald ratio,1,-0.0091,0.0323,0.779,0.991,0.9301,1.0558,0.9784065040650407,72.0,True
MOCS2,Endometrial_GCST006464,Wald ratio,1,-0.0006,0.0376,0.987,0.9994,0.9285,1.0758,0.9906133768352365,34.8,True
CRHBP,Endometrial_GCST006464,Wald ratio,1,-0.0063,0.0289,0.828,0.9938,0.939,1.0517,0.9852558139534884,107.9,True
TBCA,Endometrial_GCST006464,Wald ratio,1,0.0171,0.0484,0.723,1.0173,0.9252,1.1185,0.9784065040650407,36.4,True
SMPDL3A,Endometrial_GCST006464,Wald ratio,1,0.0027,0.0242,0.91,1.0027,0.9562,1.0515,0.9906133768352365,253.3,True
VNN1,Endometrial_GCST006464,MR Egger,4,0.0071,0.0308,0.838,1.0072,0.9482,1.0698,,212.9,False
VNN2,Endometrial_GCST006464,Weighted median,3,-0.0032,0.019,0.868,0.9968,0.9604,1.0346,,125.9,False
ULBP2,Endometrial_GCST006464,Inverse variance weighted,3,-0.0053,0.0198,0.791,0.9947,0.9568,1.0342,0.9794761904761905,87.3,True
ULBP2,Endometrial_GCST006464,MR Egger,3,0.0212,0.0723,0.818,1.0215,0.8864,1.177,,87.3,False
PLG,Endometrial_GCST006464,Wald ratio,1,-0.0109,0.0453,0.809,0.9891,0.9051,1.081,0.9816719367588934,35.5,True
SMOC2,Endometrial_GCST006464,Inverse variance weighted,2,-0.0012,0.03,0.969,0.9988,0.9418,1.0593,0.9906133768352365,45.9,True
TREML2,Endometrial_GCST006464,Wald ratio,1,-0.0085,0.0307,0.782,0.9915,0.9337,1.053,0.9784065040650407,71.1,True
ADGRB3,Endometrial_GCST006464,Inverse variance weighted,3,0.0042,0.0203,0.838,1.0042,0.9649,1.045,0.9877900763358778,156.4,True
ADGRB3,Endometrial_GCST006464,MR Egger,3,0.0113,0.08,0.911,1.0114,0.8645,1.1831,,156.4,False
ADGRB3,Endometrial_GCST006464,Weighted median,3,-0.005,0.0163,0.758,0.995,0.9637,1.0273,,156.4,False
CD109,Endometrial_GCST006464,Wald ratio,1,-0.0006,0.0165,0.969,0.9994,0.9676,1.0322,0.9906133768352365,392.7,True
NT5E,Endometrial_GCST006464,Inverse variance weighted,2,-0.0021,0.0267,0.937,0.9979,0.947,1.0516,0.9906133768352365,53.7,True
CNPY4,Endometrial_GCST006464,Wald ratio,1,0.0146,0.0468,0.755,1.0147,0.9257,1.1122,0.9784065040650407,35.9,True
LAMB1,Endometrial_GCST006464,Wald ratio,1,0.0113,0.0436,0.795,1.0114,0.9285,1.1017,0.9794761904761905,63.3,True
NRCAM,Endometrial_GCST006464,Wald ratio,1,-0.0047,0.0453,0.917,0.9953,0.9108,1.0877,0.9906133768352365,40.1,True
GPR37,Endometrial_GCST006464,Wald ratio,1,0.0029,0.0241,0.905,1.0029,0.9566,1.0514,0.9906133768352365,125.2,True
EPHA1,Endometrial_GCST006464,Wald ratio,1,-0.0177,0.0505,0.726,0.9825,0.89,1.0846,0.9784065040650407,37.3,True
GIMAP7,Endometrial_GCST006464,Wald ratio,1,0.0045,0.0296,0.88,1.0045,0.9479,1.0644,0.9906133768352365,114.2,True
DDC,Endometrial_GCST006464,Wald ratio,1,-0.0083,0.0381,0.827,0.9917,0.9203,1.0686,0.9852558139534884,39.4,True
CCL24,Endometrial_GCST006464,Inverse variance weighted,3,0.0024,0.0126,0.846,1.0025,0.9781,1.0274,0.9894171428571428,183.3,True
CCL24,Endometrial_GCST006464,Weighted median,3,0.0026,0.0143,0.856,1.0026,0.9749,1.0311,,183.3,False
ZP3,Endometrial_GCST006464,Inverse variance weighted,2,-0.0032,0.0112,0.776,0.9968,0.9752,1.0189,0.9784065040650407,585.6,True
PXDNL,Endometrial_GCST006464,Wald ratio,1,0.0024,0.0383,0.949,1.0024,0.9299,1.0806,0.9906133768352365,65.5,True
PENK,Endometrial_GCST006464,Wald ratio,1,-0.0151,0.0463,0.745,0.985,0.8996,1.0786,0.9784065040650407,31.0,True
IMPA1,Endometrial_GCST006464,Wald ratio,1,0.0135,0.049,0.784,1.0136,0.9207,1.1158,0.9784065040650407,38.3,True
HSDL2,Endometrial_GCST006464,Wald ratio,1,-0.0009,0.0146,0.949,0.9991,0.9708,1.0281,0.9906133768352365,685.0,True
MEGF9,Endometrial_GCST006464,Wald ratio,1,0.0007,0.0384,0.984,1.0007,0.9282,1.0789,0.9906133768352365,51.9,True
FCN1,Endometrial_GCST006464,Wald ratio,1,-0.01,0.035,0.774,0.99,0.9244,1.0603,0.9784065040650407,80.2,True
TEK,Endometrial_GCST006464,Wald ratio,1,-0.0089,0.0392,0.82,0.9911,0.9178,1.0704,0.9852558139534884,43.9,True
B4GALT1,Endometrial_GCST006464,Wald ratio,1,-0.0035,0.048,0.942,0.9965,0.907,1.0948,0.9906133768352365,35.6,True
IGFBPL1,Endometrial_GCST006464,Inverse variance weighted,2,0.0017,0.0382,0.965,1.0017,0.9295,1.0795,0.9906133768352365,57.4,True
GCNT1,Endometrial_GCST006464,Wald ratio,1,0.0041,0.0399,0.918,1.0041,0.9285,1.0858,0.9906133768352365,39.2,True
OGN,Endometrial_GCST006464,Inverse variance weighted,2,-0.0077,0.0235,0.742,0.9923,0.9477,1.039,0.9784065040650407,85.2,True
PNLIPRP2,Endometrial_GCST006464,Inverse variance weighted,2,-0.0001,0.0105,0.993,0.9999,0.9796,1.0207,0.993,642.9,True
VNN1,Endometrial_GCST006464,Weighted median,4,0.0,0.0136,0.999,1.0,0.9737,1.027,,212.9,False
SIGLEC10,Ovarian_GCST90016665,Wald ratio,1,0.1248,0.0333,0.000182,1.1329,1.0613,1.2094,0.105924,41.2,True
NMI,Ovarian_GCST90016665,Wald ratio,1,0.0571,0.0192,0.00289,1.0587,1.0197,1.0993,0.400416,128.1,True
KLB,Ovarian_GCST90016665,Inverse variance weighted,2,-0.0329,0.0112,0.00344,0.9677,0.9466,0.9892,0.400416,198.0,True
SPARCL1,Ovarian_GCST90016665,Inverse variance weighted,2,-0.0341,0.0111,0.00221,0.9665,0.9456,0.9878,0.400416,241.7,True
CNPY4,Ovarian_GCST90016665,Wald ratio,1,-0.1005,0.0343,0.0034,0.9044,0.8456,0.9673,0.400416,35.9,True
C1QTNF1,Ovarian_GCST90016665,Wald ratio,1,0.2872,0.1037,0.00563,1.3327,1.0875,1.6332,0.48971142857142863,44.9,True
MAN2B2,Ovarian_GCST90016665,Wald ratio,1,-0.039,0.0142,0.00589,0.9618,0.9355,0.9888,0.48971142857142863,367.1,True
VSIG10,Ovarian_GCST90016665,Inverse variance weighted,2,-0.0319,0.0119,0.00728,0.9686,0.9463,0.9914,0.52962,194.4,True
SFTPA2,Ovarian_GCST90016665,Inverse variance weighted,2,0.0361,0.0139,0.00929,1.0368,1.0089,1.0654,0.5396727272727273,131.4,True
TYMP,Ovarian_GCST90016665,Wald ratio,1,0.0634,0.0247,0.0102,1.0655,1.0151,1.1183,0.5396727272727273,68.0,True
PTGR1,Ovarian_GCST90016665,Wald ratio,1,0.0854,0.0325,0.00859,1.0892,1.022,1.1609,0.5396727272727273,35.2,True
VNN2,Ovarian_GCST90016665,Inverse variance weighted,3,0.031,0.0122,0.0112,1.0315,1.0071,1.0565,0.5432,125.9,True
NUCB2,Ovarian_GCST90016665,Wald ratio,1,0.0385,0.0162,0.0174,1.0392,1.0068,1.0727,0.5723,188.9,True
SIGLEC9,Ovarian_GCST90016665,Inverse variance weighted,2,-0.0281,0.0115,0.0145,0.9723,0.9507,0.9945,0.5723,168.9,True
TNN,Ovarian_GCST90016665,Wald ratio,1,-0.0486,0.0205,0.0177,0.9526,0.9151,0.9916,0.5723,98.6,True
CNTN2,Ovarian_GCST90016665,Inverse variance weighted,2,-0.0245,0.0101,0.0156,0.9758,0.9567,0.9954,0.5723,253.6,True
RARRES1,Ovarian_GCST90016665,Wald ratio,1,-0.0619,0.0261,0.0177,0.94,0.8931,0.9893,0.5723,56.0,True
IGFBP3,Ovarian_GCST90016665,Wald ratio,1,-0.0664,0.0279,0.0173,0.9358,0.886,0.9884,0.5723,46.4,True
VNN2,Ovarian_GCST90016665,Weighted median,3,0.0331,0.0143,0.0209,1.0336,1.005,1.063,,125.9,False
TREML2,Ovarian_GCST90016665,Wald ratio,1,0.0496,0.0216,0.0218,1.0509,1.0072,1.0964,0.6431100000000001,71.1,True
HMCN2,Ovarian_GCST90016665,Inverse variance weighted,2,0.0345,0.0151,0.0221,1.0352,1.005,1.0662,0.6431100000000001,144.2,True
SFTPD,Ovarian_GCST90016665,Wald ratio,1,-0.0349,0.0158,0.0274,0.9657,0.9362,0.9961,0.6748428571428571,192.8,True
CAT,Ovarian_GCST90016665,Wald ratio,1,0.0649,0.0328,0.0478,1.0671,1.0006,1.1379,0.6748428571428571,40.9,True
IL17D,Ovarian_GCST90016665,Wald ratio,1,-0.0493,0.025,0.0487,0.9519,0.9063,0.9997,0.6748428571428571,64.9,True
RNASE6,Ovarian_GCST90016665,Wald ratio,1,0.0687,0.0347,0.0473,1.0712,1.0008,1.1465,0.6748428571428571,35.5,True
SHMT1,Ovarian_GCST90016665,Wald ratio,1,0.0506,0.0251,0.0437,1.0519,1.0014,1.1049,0.6748428571428571,69.8,True
LGALS9,Ovarian_GCST90016665,Wald ratio,1,-0.0539,0.0254,0.0337,0.9475,0.9015,0.9959,0.6748428571428571,65.7,True
AOC3,Ovarian_GCST90016665,Wald ratio,1,0.0376,0.0184,0.041,1.0383,1.0015,1.0765,0.6748428571428571,108.9,True
SAT2,Ovarian_GCST90016665,Wald ratio,1,-0.0536,0.0272,0.0484,0.9478,0.8987,0.9996,0.6748428571428571,40.5,True
SERPINB8,Ovarian_GCST90016665,Inverse variance weighted,2,0.0344,0.0172,0.0451,1.035,1.0008,1.0704,0.6748428571428571,121.3,True
SBSN,Ovarian_GCST90016665,Wald ratio,1,0.0562,0.0261,0.0316,1.0578,1.005,1.1134,0.6748428571428571,63.4,True
CCER2,Ovarian_GCST90016665,Inverse variance weighted,2,0.0876,0.0397,0.0274,1.0916,1.0098,1.18,0.6748428571428571,40.0,True
CD101,Ovarian_GCST90016665,Inverse variance weighted,3,0.0284,0.0138,0.0398,1.0288,1.0013,1.0571,0.6748428571428571,98.8,True
CD101,Ovarian_GCST90016665,Weighted median,3,0.0313,0.0156,0.0444,1.0318,1.0008,1.0638,,98.8,False
SLAMF7,Ovarian_GCST90016665,Inverse variance weighted,2,0.0307,0.0138,0.0259,1.0311,1.0037,1.0593,0.6748428571428571,129.4,True
EVI5,Ovarian_GCST90016665,Wald ratio,1,0.0668,0.0306,0.0289,1.069,1.0069,1.1351,0.6748428571428571,41.9,True
TFF1,Ovarian_GCST90016665,Wald ratio,1,-0.0507,0.0255,0.0471,0.9506,0.9041,0.9994,0.6748428571428571,51.8,True
MERTK,Ovarian_GCST90016665,Wald ratio,1,-0.06,0.0296,0.0424,0.9418,0.8888,0.998,0.6748428571428571,42.5,True
TFPI,Ovarian_GCST90016665,Wald ratio,1,0.0527,0.0257,0.0398,1.0542,1.0025,1.1085,0.6748428571428571,61.7,True
AGXT,Ovarian_GCST90016665,Wald ratio,1,-0.0632,0.0309,0.041,0.9388,0.8836,0.9974,0.6748428571428571,44.3,True
PDE5A,Ovarian_GCST90016665,Wald ratio,1,-0.0695,0.0333,0.0368,0.9328,0.8739,0.9958,0.6748428571428571,37.4,True
SPINK2,Ovarian_GCST90016665,Wald ratio,1,0.0481,0.0228,0.0351,1.0493,1.0034,1.0973,0.6748428571428571,75.8,True
PODXL,Ovarian_GCST90016665,Wald ratio,1,0.0932,0.0433,0.0315,1.0977,1.0083,1.1949,0.6748428571428571,34.5,True
HSDL2,Ovarian_GCST90016665,Wald ratio,1,-0.022,0.0105,0.0368,0.9782,0.9582,0.9986,0.6748428571428571,685.0,True
B4GAT1,Ovarian_GCST90016665,Wald ratio,1,-0.0672,0.0347,0.0524,0.935,0.8735,1.0007,0.6802933333333333,34.9,True
CLEC1A,Ovarian_GCST90016665,Wald ratio,1,0.0863,0.0443,0.0513,1.0901,0.9995,1.1889,0.6802933333333333,41.9,True
GGACT,Ovarian_GCST90016665,Inverse variance weighted,2,0.0646,0.0333,0.0526,1.0667,0.9993,1.1387,0.6802933333333333,66.3,True
SPINK5,Ovarian_GCST90016665,Wald ratio,1,-0.0481,0.025,0.0539,0.953,0.9075,1.0008,0.6819521739130435,70.0,True
C1QTNF9,Ovarian_GCST90016665,Inverse variance weighted,2,0.0182,0.0096,0.0574,1.0184,0.9994,1.0377,0.7107829787234042,284.5,True
GCNT1,Ovarian_GCST90016665,Wald ratio,1,0.0539,0.0285,0.0591,1.0553,0.9979,1.1161,0.7165875,39.2,True
PTPRH,Ovarian_GCST90016665,Inverse variance weighted,2,0.0349,0.0186,0.0606,1.0355,0.9984,1.0739,0.7197795918367347,88.3,True
GSTT2B,Ovarian_GCST90016665,Inverse variance weighted,2,-0.0171,0.0092,0.0622,0.9831,0.9656,1.0009,0.724008,393.8,True
IL17RA,Ovarian_GCST90016665,Wald ratio,1,-0.0351,0.0191,0.0659,0.9656,0.9301,1.0023,0.752035294117647,132.7,True
COL24A1,Ovarian_GCST90016665,Wald ratio,1,0.2987,0.1647,0.0698,1.3481,0.9761,1.8619,0.7598333333333334,33.2,True
BTD,Ovarian_GCST90016665,Wald ratio,1,0.0297,0.0164,0.0705,1.0302,0.9975,1.0638,0.7598333333333334,268.3,True
GPIHBP1,Ovarian_GCST90016665,Wald ratio,1,0.0641,0.0352,0.0686,1.0662,0.9951,1.1424,0.7598333333333334,42.5,True
CTSF,Ovarian_GCST90016665,Wald ratio,1,-0.0991,0.0604,0.101,0.9057,0.8045,1.0195,0.7634025974025974,37.8,True
WASHC3,Ovarian_GCST90016665,Wald ratio,1,0.0486,0.0288,0.0913,1.0498,0.9922,1.1108,0.7634025974025974,59.3,True
KLRD1,Ovarian_GCST90016665,Wald ratio,1,0.0422,0.0245,0.0849,1.0431,0.9942,1.0945,0.7634025974025974,73.6,True
LCP1,Ovarian_GCST90016665,Wald ratio,1,0.0214,0.0123,0.0828,1.0216,0.9972,1.0466,0.7634025974025974,289.6,True
ATXN3,Ovarian_GCST90016665,Wald ratio,1,-0.0426,0.0249,0.0868,0.9583,0.9128,1.0062,0.7634025974025974,63.1,True
PPCDC,Ovarian_GCST90016665,Inverse variance weighted,3,0.0227,0.0136,0.0957,1.0229,0.996,1.0506,0.7634025974025974,94.4,True
CTSH,Ovarian_GCST90016665,Weighted median,3,0.0214,0.0124,0.083,1.0217,0.9972,1.0467,,296.5,False
VASN,Ovarian_GCST90016665,Inverse variance weighted,2,0.0457,0.0269,0.089,1.0468,0.9931,1.1034,0.7634025974025974,42.6,True
IL34,Ovarian_GCST90016665,Inverse variance weighted,2,-0.0257,0.0153,0.0929,0.9747,0.9459,1.0043,0.7634025974025974,94.8,True
CD300LG,Ovarian_GCST90016665,Wald ratio,1,0.0506,0.0303,0.0955,1.0519,0.9912,1.1164,0.7634025974025974,42.9,True
SIGLEC6,Ovarian_GCST90016665,Inverse variance weighted,3,-0.0393,0.0239,0.1,0.9615,0.9175,1.0076,0.7634025974025974,37.8,True
PTPRS,Ovarian_GCST90016665,Wald ratio,1,0.0819,0.0493,0.0972,1.0853,0.9852,1.1955,0.7634025974025974,38.7,True
SLAMF8,Ovarian_GCST90016665,Inverse variance weighted,2,-0.0228,0.0138,0.0995,0.9775,0.9513,1.0043,0.7634025974025974,221.8,True
TACSTD2,Ovarian_GCST90016665,Wald ratio,1,0.028,0.0159,0.0782,1.0284,0.9968,1.0609,0.7634025974025974,164.8,True
BPIFB2,Ovarian_GCST90016665,Wald ratio,1,0.0582,0.0343,0.0897,1.0599,0.991,1.1336,0.7634025974025974,42.5,True
FAM3B,Ovarian_GCST90016665,Inverse variance weighted,2,-0.0202,0.0116,0.0819,0.98,0.958,1.0026,0.7634025974025974,123.7,True
MATN3,Ovarian_GCST90016665,Wald ratio,1,0.0451,0.0253,0.0744,1.0461,0.9956,1.0993,0.7634025974025974,81.5,True
CASP8,Ovarian_GCST90016665,Wald ratio,1,-0.0456,0.0272,0.0937,0.9554,0.9059,1.0078,0.7634025974025974,43.8,True
F11,Ovarian_GCST90016665,Wald ratio,1,0.0453,0.0267,0.0894,1.0463,0.993,1.1025,0.7634025974025974,60.6,True
CXCL5,Ovarian_GCST90016665,Wald ratio,1,-0.0539,0.0328,0.101,0.9475,0.8884,1.0105,0.7634025974025974,37.0,True
GRIK2,Ovarian_GCST90016665,Wald ratio,1,0.056,0.0313,0.0741,1.0576,0.9946,1.1246,0.7634025974025974,66.4,True
GPR37,Ovarian_GCST90016665,Wald ratio,1,0.0293,0.0177,0.0981,1.0297,0.9946,1.066,0.7634025974025974,125.2,True
MEGF9,Ovarian_GCST90016665,Wald ratio,1,-0.0482,0.0278,0.0832,0.953,0.9024,1.0064,0.7634025974025974,51.9,True
PDCD1LG2,Ovarian_GCST90016665,Inverse variance weighted,2,0.0237,0.014,0.0903,1.024,0.9963,1.0525,0.7634025974025974,102.8,True
AHCY,Ovarian_GCST90016665,Wald ratio,1,0.0443,0.0276,0.108,1.0453,0.9903,1.1034,0.7668705882352941,47.3,True
HS1BP3,Ovarian_GCST90016665,Inverse variance weighted,2,0.0421,0.0261,0.107,1.043,0.991,1.0978,0.7668705882352941,52.9,True
CD80,Ovarian_GCST90016665,Wald ratio,1,-0.039,0.0244,0.11,0.9617,0.9168,1.0089,0.7668705882352941,62.8,True
DCBLD2,Ovarian_GCST90016665,Wald ratio,1,-0.0543,0.034,0.111,0.9472,0.8861,1.0125,0.7668705882352941,44.2,True
CLGN,Ovarian_GCST90016665,Inverse variance weighted,2,-0.0231,0.0142,0.104,0.9772,0.9504,1.0048,0.7668705882352941,144.4,True
LECT2,Ovarian_GCST90016665,Inverse variance weighted,2,0.0109,0.0068,0.109,1.011,0.9976,1.0245,0.7668705882352941,1046.4,True
SPINK1,Ovarian_GCST90016665,Wald ratio,1,0.0423,0.0264,0.11,1.0432,0.9905,1.0986,0.7668705882352941,47.9,True
B3GNT7,Ovarian_GCST90016665,Wald ratio,1,-0.023,0.0145,0.112,0.9772,0.9498,1.0054,0.7668705882352941,355.2,True
GFRA1,Ovarian_GCST90016665,Wald ratio,1,0.0467,0.0295,0.114,1.0478,0.9889,1.1102,0.7714883720930232,61.7,True
PINLYP,Ovarian_GCST90016665,Wald ratio,1,-0.0196,0.0125,0.117,0.9805,0.9567,1.005,0.7826896551724138,352.7,True
PPCDC,Ovarian_GCST90016665,Weighted median,3,0.0238,0.0154,0.123,1.0241,0.9936,1.0555,,94.4,False
ARSA,Ovarian_GCST90016665,Wald ratio,1,-0.0299,0.0193,0.122,0.9706,0.9345,1.008,0.8068636363636364,32.7,True
CLUL1,Ovarian_GCST90016665,Inverse variance weighted,2,0.0266,0.0174,0.127,1.0269,0.9925,1.0625,0.8270526315789475,99.7,True
HSD17B14,Ovarian_GCST90016665,Weighted median,3,0.0197,0.0129,0.126,1.0198,0.9945,1.0459,,121.7,False
IFNLR1,Ovarian_GCST90016665,Wald ratio,1,-0.1023,0.0672,0.128,0.9028,0.7913,1.03,0.8270526315789475,36.6,True
MGMT,Ovarian_GCST90016665,Inverse variance weighted,2,0.0295,0.0198,0.135,1.0299,0.9908,1.0706,0.8270526315789475,70.4,True
TMEM25,Ovarian_GCST90016665,Wald ratio,1,-0.0384,0.0257,0.135,0.9623,0.9151,1.012,0.8270526315789475,35.1,True
ISLR2,Ovarian_GCST90016665,Wald ratio,1,0.0539,0.0357,0.131,1.0554,0.9841,1.1318,0.8270526315789475,36.4,True
IL4R,Ovarian_GCST90016665,Wald ratio,1,-0.0471,0.0314,0.133,0.954,0.8971,1.0145,0.8270526315789475,37.5,True
RBKS,Ovarian_GCST90016665,Wald ratio,1,0.0475,0.0315,0.132,1.0486,0.9858,1.1155,0.8270526315789475,36.0,True
CEACAM21,Ovarian_GCST90016665,Inverse variance weighted,2,0.0136,0.0092,0.138,1.0137,0.9956,1.032,0.8280000000000001,480.7,True
ENPP2,Ovarian_GCST90016665,Wald ratio,1,0.0427,0.0288,0.138,1.0436,0.9864,1.1042,0.8280000000000001,56.7,True
PCSK7,Ovarian_GCST90016665,Wald ratio,1,0.0451,0.0306,0.141,1.0461,0.9851,1.1109,0.8373673469387755,44.9,True
SMPD1,Ovarian_GCST90016665,Wald ratio,1,-0.0409,0.0281,0.146,0.9599,0.9085,1.0143,0.8583030303030302,61.6,True
FUCA1,Ovarian_GCST90016665,Wald ratio,1,-0.0452,0.0314,0.151,0.9558,0.8987,1.0166,0.8787058823529412,45.8,True
HSD17B14,Ovarian_GCST90016665,Inverse variance weighted,3,0.0157,0.011,0.154,1.0158,0.9941,1.0381,0.8787058823529412,121.7,True
MYOC,Ovarian_GCST90016665,Wald ratio,1,-0.0467,0.0326,0.153,0.9544,0.8953,1.0175,0.8787058823529412,35.0,True
MMP12,Ovarian_GCST90016665,Wald ratio,1,0.0273,0.0197,0.167,1.0277,0.9887,1.0682,0.8861081081081081,163.2,True
WFIKKN2,Ovarian_GCST90016665,Wald ratio,1,-0.0242,0.0174,0.166,0.9761,0.9434,1.0101,0.8861081081081081,164.3,True
GRP,Ovarian_GCST90016665,Inverse variance weighted,2,-0.0271,0.0197,0.168,0.9733,0.9365,1.0115,0.8861081081081081,55.6,True
BST2,Ovarian_GCST90016665,Wald ratio,1,-0.065,0.0472,0.169,0.9371,0.8542,1.028,0.8861081081081081,33.3,True
SIGLEC6,Ovarian_GCST90016665,Weighted median,3,-0.0382,0.0279,0.171,0.9625,0.9113,1.0166,,37.8,False
CD70,Ovarian_GCST90016665,Wald ratio,1,-0.0275,0.0195,0.158,0.9729,0.9364,1.0108,0.8861081081081081,108.1,True
ADGRE1,Ovarian_GCST90016665,Wald ratio,1,0.0713,0.051,0.162,1.0739,0.9718,1.1868,0.8861081081081081,110.1,True
ECM1,Ovarian_GCST90016665,Wald ratio,1,-0.022,0.016,0.171,0.9783,0.948,1.0095,0.8885892857142857,188.9,True
TGFBI,Ovarian_GCST90016665,Wald ratio,1,-0.0253,0.0182,0.165,0.9751,0.9409,1.0105,0.8861081081081081,147.3,True
GM2A,Ovarian_GCST90016665,Wald ratio,1,-0.0202,0.0147,0.168,0.98,0.9521,1.0086,0.8861081081081081,224.7,True
IGF2R,Ovarian_GCST90016665,Wald ratio,1,0.0392,0.0281,0.163,1.04,0.9843,1.0989,0.8861081081081081,47.1,True
PNLIPRP2,Ovarian_GCST90016665,Inverse variance weighted,2,-0.0103,0.0076,0.175,0.9898,0.9752,1.0046,0.9013274336283186,642.9,True
LBP,Ovarian_GCST90016665,Wald ratio,1,-0.0242,0.018,0.179,0.9761,0.9423,1.0111,0.905895652173913,312.7,True
PCDHB15,Ovarian_GCST90016665,Inverse variance weighted,2,-0.0274,0.0203,0.179,0.973,0.935,1.0126,0.905895652173913,55.5,True
THY1,Ovarian_GCST90016665,Wald ratio,1,-0.0451,0.0338,0.181,0.9559,0.8947,1.0213,0.9081206896551725,33.6,True
NCAM1,Ovarian_GCST90016665,Weighted median,3,0.0335,0.0252,0.184,1.034,0.9843,1.0863,,37.7,False
FCGR2A,Ovarian_GCST90016665,Inverse variance weighted,2,-0.0135,0.0104,0.192,0.9866,0.9667,1.0068,0.914013422818792,279.3,True
PTPRC,Ovarian_GCST90016665,Wald ratio,1,0.0486,0.0373,0.193,1.0498,0.9758,1.1294,0.914013422818792,77.3,True
REG1B,Ovarian_GCST90016665,Inverse variance weighted,2,-0.0334,0.0254,0.188,0.9671,0.9202,1.0164,0.914013422818792,37.6,True
CYTL1,Ovarian_GCST90016665,Inverse variance weighted,2,0.0244,0.0188,0.194,1.0247,0.9876,1.0633,0.914013422818792,160.8,True
SPINK6,Ovarian_GCST90016665,Wald ratio,1,-0.0339,0.0261,0.194,0.9667,0.9184,1.0174,0.914013422818792,64.2,True
GHR,Ovarian_GCST90016665,Inverse variance weighted,2,-0.0207,0.0158,0.191,0.9795,0.9496,1.0104,0.914013422818792,75.9,True
CD2AP,Ovarian_GCST90016665,Wald ratio,1,0.0282,0.0214,0.188,1.0286,0.9863,1.0728,0.914013422818792,93.1,True
WFDC12,Ovarian_GCST90016665,Wald ratio,1,-0.0377,0.0295,0.201,0.963,0.9089,1.0203,0.914013422818792,42.8,True
VWC2,Ovarian_GCST90016665,Wald ratio,1,0.0369,0.0287,0.198,1.0376,0.9808,1.0977,0.914013422818792,46.5,True
CCN4,Ovarian_GCST90016665,Wald ratio,1,-0.0392,0.0306,0.2,0.9615,0.9056,1.021,0.914013422818792,38.8,True
PENK,Ovarian_GCST90016665,Wald ratio,1,-0.0428,0.0333,0.198,0.9581,0.8975,1.0227,0.914013422818792,31.0,True
CPXM2,Ovarian_GCST90016665,Wald ratio,1,0.0255,0.0231,0.269,1.0259,0.9804,1.0734,0.9298224852071006,105.6,True
CDNF,Ovarian_GCST90016665,Wald ratio,1,-0.0344,0.0372,0.355,0.9661,0.8981,1.0393,0.9600192926045017,48.2,True
RET,Ovarian_GCST90016665,Inverse variance weighted,2,0.0276,0.0245,0.26,1.028,0.9798,1.0785,0.9298224852071006,35.8,True
LIPF,Ovarian_GCST90016665,Wald ratio,1,0.0376,0.0329,0.254,1.0383,0.9734,1.1076,0.9298224852071006,31.5,True
FGFBP3,Ovarian_GCST90016665,Wald ratio,1,-0.0244,0.0263,0.354,0.9759,0.9269,1.0275,0.9600192926045017,61.1,True
CRTAC1,Ovarian_GCST90016665,Inverse variance weighted,2,-0.0171,0.0161,0.286,0.983,0.9526,1.0144,0.9561428571428572,85.3,True
MMP7,Ovarian_GCST90016665,Wald ratio,1,0.0379,0.0337,0.261,1.0386,0.9722,1.1097,0.9298224852071006,39.9,True
MMP8,Ovarian_GCST90016665,Wald ratio,1,0.0246,0.0285,0.388,1.0249,0.9692,1.0838,0.9600192926045017,43.3,True
MMP3,Ovarian_GCST90016665,Wald ratio,1,-0.0144,0.0207,0.486,0.9857,0.9465,1.0265,0.9600192926045017,100.8,True
LAYN,Ovarian_GCST90016665,Wald ratio,1,0.0182,0.0274,0.505,1.0184,0.9652,1.0746,0.9600192926045017,48.4,True
PTS,Ovarian_GCST90016665,Wald ratio,1,-0.0307,0.0406,0.45,0.9698,0.8957,1.0501,0.9600192926045017,30.5,True
NCAM1,Ovarian_GCST90016665,Inverse variance weighted,3,0.0244,0.0257,0.342,1.0247,0.9744,1.0776,0.9600192926045017,37.7,True
NCAM1,Ovarian_GCST90016665,MR Egger,3,-0.2532,0.1654,0.368,0.7763,0.5614,1.0735,,37.7,False
SCN4B,Ovarian_GCST90016665,Inverse variance weighted,2,-0.0108,0.012,0.367,0.9892,0.9662,1.0128,0.9600192926045017,142.9,True
TREH,Ovarian_GCST90016665,Inverse variance weighted,2,0.0101,0.011,0.356,1.0102,0.9887,1.0321,0.9600192926045017,414.6,True
CRTAM,Ovarian_GCST90016665,Wald ratio,1,-0.0225,0.0343,0.512,0.9778,0.9142,1.0457,0.9600192926045017,42.8,True
ADAMTS8,Ovarian_GCST90016665,Wald ratio,1,0.0214,0.0251,0.393,1.0217,0.9726,1.0732,0.9600192926045017,72.4,True
NELL1,Ovarian_GCST90016665,Inverse variance weighted,2,-0.0239,0.0362,0.51,0.9764,0.9095,1.0483,0.9600192926045017,39.3,True
CD59,Ovarian_GCST90016665,Inverse variance weighted,2,-0.0287,0.0238,0.228,0.9718,0.9275,1.0181,0.914013422818792,41.5,True
PAMR1,Ovarian_GCST90016665,Inverse variance weighted,2,0.0256,0.0215,0.232,1.0259,0.9837,1.07,0.914013422818792,43.8,True
CDHR5,Ovarian_GCST90016665,Inverse variance weighted,3,-0.018,0.0149,0.225,0.9821,0.9539,1.0112,0.914013422818792,94.3,True
CDHR5,Ovarian_GCST90016665,MR Egger,3,0.0633,0.0573,0.468,1.0654,0.9522,1.192,,94.3,False
CDHR5,Ovarian_GCST90016665,Weighted median,3,-0.0144,0.015,0.335,0.9857,0.9572,1.015,,94.3,False
TMEM132A,Ovarian_GCST90016665,Wald ratio,1,0.0169,0.0212,0.425,1.017,0.9757,1.0601,0.9600192926045017,120.3,True
CD6,Ovarian_GCST90016665,Inverse variance weighted,2,0.0072,0.0102,0.484,1.0072,0.9872,1.0276,0.9600192926045017,209.4,True
EPS8L2,Ovarian_GCST90016665,Wald ratio,1,-0.0329,0.0334,0.325,0.9677,0.9064,1.0331,0.9600192926045017,38.1,True
RELT,Ovarian_GCST90016665,Wald ratio,1,-0.024,0.025,0.337,0.9763,0.9297,1.0253,0.9600192926045017,79.5,True
CYB5R2,Ovarian_GCST90016665,Wald ratio,1,-0.0343,0.0328,0.296,0.9663,0.9062,1.0304,0.9561428571428572,36.0,True
CNTN5,Ovarian_GCST90016665,Wald ratio,1,0.025,0.0318,0.433,1.0253,0.9632,1.0913,0.9600192926045017,58.8,True
CLEC7A,Ovarian_GCST90016665,Wald ratio,1,-0.0111,0.0131,0.399,0.989,0.9639,1.0147,0.9600192926045017,265.9,True
SELPLG,Ovarian_GCST90016665,Wald ratio,1,0.0225,0.0231,0.33,1.0228,0.9775,1.0702,0.9600192926045017,163.4,True
COL2A1,Ovarian_GCST90016665,Wald ratio,1,0.0226,0.0203,0.266,1.0229,0.9829,1.0644,0.9298224852071006,105.7,True
ACVRL1,Ovarian_GCST90016665,Wald ratio,1,0.0285,0.0273,0.297,1.0289,0.9753,1.0854,0.9561428571428572,64.8,True
INHBC,Ovarian_GCST90016665,Wald ratio,1,0.0193,0.0183,0.291,1.0195,0.9836,1.0568,0.9561428571428572,151.9,True
PTPRB,Ovarian_GCST90016665,Inverse variance weighted,2,-0.0253,0.0219,0.249,0.975,0.934,1.0179,0.9298224852071006,57.9,True
TSPAN8,Ovarian_GCST90016665,Wald ratio,1,0.0334,0.0269,0.215,1.034,0.9808,1.09,0.914013422818792,50.1,True
CLSTN3,Ovarian_GCST90016665,Wald ratio,1,0.0381,0.031,0.219,1.0388,0.9776,1.1039,0.914013422818792,45.8,True
CLEC4A,Ovarian_GCST90016665,Wald ratio,1,-0.0386,0.0576,0.503,0.9621,0.8595,1.0771,0.9600192926045017,31.1,True
F7,Ovarian_GCST90016665,Wald ratio,1,0.0226,0.022,0.304,1.0229,0.9797,1.0679,0.9600192926045017,72.6,True
CPB2,Ovarian_GCST90016665,Wald ratio,1,-0.0314,0.0327,0.337,0.9691,0.909,1.0332,0.9600192926045017,35.0,True
PCDH9,Ovarian_GCST90016665,Wald ratio,1,0.0379,0.0382,0.321,1.0387,0.9637,1.1194,0.9600192926045017,39.9,True
GPC5,Ovarian_GCST90016665,Inverse variance weighted,3,-0.0128,0.0134,0.34,0.9873,0.9616,1.0136,0.9600192926045017,113.4,True
GPC5,Ovarian_GCST90016665,Weighted median,3,-0.0129,0.0143,0.369,0.9872,0.9599,1.0153,,113.4,False
AMN,Ovarian_GCST90016665,Inverse variance weighted,2,-0.0139,0.0126,0.27,0.9862,0.9621,1.0109,0.9298224852071006,185.1,True
RNASE4,Ovarian_GCST90016665,Wald ratio,1,0.0299,0.0262,0.254,1.0303,0.9788,1.0845,0.9298224852071006,64.4,True
NID2,Ovarian_GCST90016665,Wald ratio,1,-0.021,0.0211,0.32,0.9792,0.9395,1.0206,0.9600192926045017,91.0,True
FUT8,Ovarian_GCST90016665,Wald ratio,1,-0.0444,0.0375,0.236,0.9566,0.8888,1.0295,0.91568,36.0,True
SEL1L,Ovarian_GCST90016665,Wald ratio,1,-0.0147,0.021,0.485,0.9854,0.9456,1.0269,0.9600192926045017,112.8,True
FLRT2,Ovarian_GCST90016665,Wald ratio,1,0.0219,0.0301,0.466,1.0222,0.9637,1.0842,0.9600192926045017,46.8,True
SERPINA12,Ovarian_GCST90016665,Wald ratio,1,-0.0127,0.0171,0.459,0.9874,0.9549,1.0211,0.9600192926045017,148.7,True
SERPINA4,Ovarian_GCST90016665,Inverse variance weighted,2,0.017,0.0257,0.508,1.0172,0.9672,1.0698,0.9600192926045017,50.3,True
SERPINA3,Ovarian_GCST90016665,Wald ratio,1,0.0179,0.0263,0.495,1.0181,0.967,1.0719,0.9600192926045017,46.5,True
TYRO3,Ovarian_GCST90016665,Inverse variance weighted,2,0.0131,0.0149,0.378,1.0132,0.9841,1.0431,0.9600192926045017,105.5,True
PPCDC,Ovarian_GCST90016665,MR Egger,3,0.0781,0.0757,0.49,1.0812,0.9322,1.2541,,94.4,False
CTSH,Ovarian_GCST90016665,Inverse variance weighted,3,0.0146,0.0142,0.306,1.0147,0.9868,1.0434,0.9600192926045017,296.5,True
CTSH,Ovarian_GCST90016665,MR Egger,3,0.2524,0.2544,0.503,1.2871,0.7817,2.1191,,296.5,False
IL16,Ovarian_GCST90016665,Wald ratio,1,-0.0175,0.0184,0.343,0.9827,0.9478,1.0188,0.9600192926045017,88.9,True
TPSAB1,Ovarian_GCST90016665,Inverse variance weighted,3,-0.0236,0.0198,0.233,0.9767,0.9396,1.0153,0.914013422818792,102.1,True
TPSAB1,Ovarian_GCST90016665,MR Egger,3,-0.1224,0.1248,0.506,0.8848,0.6928,1.13,,102.1,False
TPSAB1,Ovarian_GCST90016665,Weighted median,3,-0.0169,0.0149,0.259,0.9833,0.9549,1.0125,,102.1,False
CPPED1,Ovarian_GCST90016665,Wald ratio,1,-0.0158,0.0157,0.314,0.9843,0.9544,1.0151,0.9600192926045017,199.9,True
UMOD,Ovarian_GCST90016665,Wald ratio,1,-0.0107,0.016,0.506,0.9894,0.9588,1.021,0.9600192926045017,247.9,True
APOBR,Ovarian_GCST90016665,Wald ratio,1,-0.0119,0.0098,0.228,0.9882,0.9693,1.0075,0.914013422818792,1421.3,True
NAGPA,Ovarian_GCST90016665,Wald ratio,1,-0.0219,0.0278,0.431,0.9784,0.9265,1.0331,0.9600192926045017,37.1,True
CES1,Ovarian_GCST90016665,Wald ratio,1,0.0226,0.025,0.366,1.0229,0.9739,1.0743,0.9600192926045017,79.7,True
AGRP,Ovarian_GCST90016665,Wald ratio,1,0.1079,0.1281,0.4,1.1139,0.8666,1.4319,0.9600192926045017,55.6,True
MSLN,Ovarian_GCST90016665,Wald ratio,1,0.0149,0.0206,0.472,1.015,0.9747,1.0569,0.9600192926045017,104.7,True
CA5A,Ovarian_GCST90016665,Wald ratio,1,0.0212,0.0176,0.229,1.0215,0.9867,1.0574,0.914013422818792,125.3,True
DPEP1,Ovarian_GCST90016665,Inverse variance weighted,2,-0.0087,0.0125,0.487,0.9913,0.9673,1.016,0.9600192926045017,243.1,True
SCARF1,Ovarian_GCST90016665,Wald ratio,1,-0.0127,0.0175,0.468,0.9874,0.9542,1.0218,0.9600192926045017,142.6,True
SERPINF1,Ovarian_GCST90016665,Wald ratio,1,-0.0345,0.0311,0.266,0.9661,0.909,1.0267,0.9298224852071006,45.0,True
BLMH,Ovarian_GCST90016665,Wald ratio,1,0.0101,0.0153,0.506,1.0102,0.9804,1.0409,0.9600192926045017,190.1,True
CCL14,Ovarian_GCST90016665,Wald ratio,1,-0.0189,0.024,0.431,0.9813,0.9363,1.0285,0.9600192926045017,112.1,True
CCL23,Ovarian_GCST90016665,Wald ratio,1,-0.0145,0.0213,0.497,0.9856,0.9453,1.0277,0.9600192926045017,87.8,True
PLXDC1,Ovarian_GCST90016665,Wald ratio,1,-0.0396,0.0599,0.509,0.9612,0.8547,1.081,0.9600192926045017,71.8,True
PYY,Ovarian_GCST90016665,Wald ratio,1,-0.0344,0.0332,0.299,0.9661,0.9053,1.031,0.9561428571428572,31.8,True
LRRC37A2,Ovarian_GCST90016665,Inverse variance weighted,2,0.053,0.0583,0.363,1.0544,0.9406,1.182,0.9600192926045017,133.0,True
CHAD,Ovarian_GCST90016665,Wald ratio,1,0.0446,0.0387,0.249,1.0456,0.9692,1.128,0.9298224852071006,37.7,True
MPO,Ovarian_GCST90016665,Wald ratio,1,0.0671,0.0628,0.285,1.0694,0.9456,1.2095,0.9561428571428572,40.0,True
CLEC10A,Ovarian_GCST90016665,Inverse variance weighted,2,0.0243,0.0248,0.325,1.0246,0.9761,1.0756,0.9600192926045017,54.0,True
SGSH,Ovarian_GCST90016665,Inverse variance weighted,2,0.0218,0.032,0.497,1.022,0.9598,1.0882,0.9600192926045017,172.5,True
ICAM3,Ovarian_GCST90016665,Wald ratio,1,-0.026,0.0341,0.446,0.9744,0.9113,1.0417,0.9600192926045017,34.8,True
ADAMTSL5,Ovarian_GCST90016665,Wald ratio,1,-0.0238,0.0314,0.448,0.9765,0.9183,1.0384,0.9600192926045017,63.6,True
IFI30,Ovarian_GCST90016665,Inverse variance weighted,2,-0.0109,0.0161,0.5,0.9892,0.9584,1.021,0.9600192926045017,75.8,True
CEACAM5,Ovarian_GCST90016665,Wald ratio,1,0.0199,0.029,0.494,1.0201,0.9636,1.0798,0.9600192926045017,49.5,True
TEX101,Ovarian_GCST90016665,Wald ratio,1,0.0244,0.0372,0.513,1.0247,0.9526,1.1022,0.9600192926045017,33.6,True
PVR,Ovarian_GCST90016665,Inverse variance weighted,2,-0.0093,0.0128,0.47,0.9908,0.9662,1.016,0.9600192926045017,140.6,True
APOE,Ovarian_GCST90016665,Wald ratio,1,-0.0099,0.0136,0.465,0.9901,0.9642,1.0168,0.9600192926045017,321.0,True
HSD17B14,Ovarian_GCST90016665,MR Egger,3,0.0499,0.0269,0.315,1.0512,0.9972,1.1081,,121.7,False
KLK15,Ovarian_GCST90016665,Inverse variance weighted,4,0.0111,0.0095,0.241,1.0112,0.9926,1.0301,0.9288874172185431,130.4,True
KLK15,Ovarian_GCST90016665,Weighted median,4,0.0101,0.0113,0.368,1.0102,0.9881,1.0327,,130.4,False
KLK7,Ovarian_GCST90016665,Inverse variance weighted,2,-0.0233,0.0185,0.208,0.977,0.9421,1.0131,0.914013422818792,62.7,True
KLK10,Ovarian_GCST90016665,Inverse variance weighted,2,-0.012,0.0122,0.327,0.9881,0.9648,1.012,0.9600192926045017,160.6,True
CD33,Ovarian_GCST90016665,Inverse variance weighted,3,-0.0068,0.0084,0.415,0.9932,0.9771,1.0096,0.9600192926045017,386.5,True
CD33,Ovarian_GCST90016665,MR Egger,3,-0.0279,0.0223,0.429,0.9725,0.9309,1.0159,,386.5,False
CD33,Ovarian_GCST90016665,Weighted median,3,-0.0085,0.0084,0.309,0.9915,0.9753,1.008,,386.5,False
SIGLEC6,Ovarian_GCST90016665,MR Egger,3,-0.067,0.0441,0.37,0.9352,0.8578,1.0195,,37.8,False
SIGLEC5,Ovarian_GCST90016665,Wald ratio,1,-0.016,0.0152,0.293,0.9842,0.9553,1.0139,0.9561428571428572,293.1,True
LILRB5,Ovarian_GCST90016665,Inverse variance weighted,2,-0.0053,0.0074,0.476,0.9947,0.9805,1.0092,0.9600192926045017,891.6,True
SSC5D,Ovarian_GCST90016665,Wald ratio,1,0.0183,0.0207,0.377,1.0185,0.978,1.0607,0.9600192926045017,108.9,True
RETN,Ovarian_GCST90016665,Wald ratio,1,0.0248,0.0325,0.446,1.0251,0.9618,1.0924,0.9600192926045017,34.2,True
CD209,Ovarian_GCST90016665,Wald ratio,1,0.0263,0.0321,0.413,1.0266,0.964,1.0932,0.9600192926045017,43.8,True
CLEC4M,Ovarian_GCST90016665,Wald ratio,1,0.0273,0.0334,0.413,1.0277,0.9626,1.0972,0.9600192926045017,40.2,True
AMY2A,Ovarian_GCST90016665,Inverse variance weighted,2,0.0286,0.0251,0.254,1.029,0.9796,1.081,0.9298224852071006,51.7,True
AMY2B,Ovarian_GCST90016665,Inverse variance weighted,2,0.0244,0.0267,0.361,1.0247,0.9724,1.0799,0.9600192926045017,40.3,True
CTSS,Ovarian_GCST90016665,Inverse variance weighted,2,-0.0208,0.0206,0.312,0.9794,0.9407,1.0197,0.9600192926045017,35.7,True
CRNN,Ovarian_GCST90016665,Wald ratio,1,0.0209,0.0171,0.223,1.0211,0.9874,1.056,0.914013422818792,131.2,True
HDGF,Ovarian_GCST90016665,Wald ratio,1,-0.0075,0.011,0.496,0.9926,0.9714,1.0142,0.9600192926045017,649.3,True
FCRLB,Ovarian_GCST90016665,Wald ratio,1,0.017,0.0211,0.419,1.0172,0.976,1.06,0.9600192926045017,122.7,True
SELL,Ovarian_GCST90016665,Wald ratio,1,0.0154,0.0219,0.481,1.0155,0.973,1.06,0.9600192926045017,84.7,True
CFHR4,Ovarian_GCST90016665,Wald ratio,1,0.0252,0.023,0.274,1.0255,0.9803,1.0729,0.932561403508772,131.6,True
CFHR2,Ovarian_GCST90016665,Inverse variance weighted,2,-0.0107,0.0124,0.388,0.9893,0.9655,1.0137,0.9600192926045017,197.5,True
PLA2G2A,Ovarian_GCST90016665,Wald ratio,1,0.0106,0.0159,0.506,1.0106,0.9796,1.0426,0.9600192926045017,290.7,True
CDA,Ovarian_GCST90016665,Inverse variance weighted,2,-0.0098,0.0136,0.473,0.9903,0.9641,1.0171,0.9600192926045017,90.0,True
CR1,Ovarian_GCST90016665,Wald ratio,1,0.0153,0.0192,0.425,1.0155,0.9779,1.0544,0.9600192926045017,135.3,True
LEFTY2,Ovarian_GCST90016665,Weighted median,3,-0.0066,0.0101,0.513,0.9934,0.9739,1.0133,,167.0,False
AGT,Ovarian_GCST90016665,Wald ratio,1,0.0307,0.0305,0.315,1.0311,0.9713,1.0947,0.9600192926045017,52.7,True
CD164L2,Ovarian_GCST90016665,Wald ratio,1,-0.0148,0.0205,0.47,0.9853,0.9465,1.0257,0.9600192926045017,135.6,True
ROR1,Ovarian_GCST90016665,Wald ratio,1,0.0334,0.0295,0.257,1.0339,0.9759,1.0954,0.9298224852071006,73.1,True
ENO1,Ovarian_GCST90016665,Wald ratio,1,0.0405,0.0439,0.356,1.0413,0.9555,1.1349,0.9600192926045017,71.3,True
GBP1,Ovarian_GCST90016665,Wald ratio,1,0.0285,0.0294,0.331,1.029,0.9714,1.0899,0.9600192926045017,71.0,True
RBP7,Ovarian_GCST90016665,Wald ratio,1,-0.025,0.0288,0.385,0.9753,0.9217,1.032,0.9600192926045017,53.8,True
CST1,Ovarian_GCST90016665,Wald ratio,1,0.0194,0.0168,0.248,1.0196,0.9865,1.0538,0.9298224852071006,148.2,True
OXT,Ovarian_GCST90016665,Wald ratio,1,-0.0233,0.0215,0.28,0.977,0.9366,1.0191,0.9474418604651164,132.5,True
ADA,Ovarian_GCST90016665,Inverse variance weighted,2,0.0135,0.0166,0.416,1.0136,0.9811,1.0471,0.9600192926045017,57.3,True
IL10RB,Ovarian_GCST90016665,Wald ratio,1,0.0143,0.0207,0.489,1.0144,0.9741,1.0563,0.9600192926045017,111.8,True
IFNGR2,Ovarian_GCST90016665,Wald ratio,1,-0.0123,0.0124,0.323,0.9878,0.9641,1.0121,0.9600192926045017,587.2,True
SCARF2,Ovarian_GCST90016665,Wald ratio,1,-0.0261,0.0346,0.45,0.9742,0.9104,1.0425,0.9600192926045017,32.2,True
SUSD2,Ovarian_GCST90016665,Wald ratio,1,0.02,0.0244,0.414,1.0202,0.9725,1.0702,0.9600192926045017,143.1,True
GGT1,Ovarian_GCST90016665,Wald ratio,1,0.0367,0.0331,0.267,1.0374,0.9723,1.1069,0.9298224852071006,34.8,True
PIK3IP1,Ovarian_GCST90016665,Wald ratio,1,-0.0305,0.0334,0.361,0.97,0.9086,1.0356,0.9600192926045017,31.8,True
CSF2RB,Ovarian_GCST90016665,Wald ratio,1,0.0078,0.0101,0.441,1.0078,0.9881,1.0279,0.9600192926045017,1152.6,True
PLXNB2,Ovarian_GCST90016665,Inverse variance weighted,2,-0.0164,0.0131,0.213,0.9838,0.9588,1.0094,0.914013422818792,196.2,True
IL18R1,Ovarian_GCST90016665,Inverse variance weighted,2,0.0092,0.0122,0.453,1.0092,0.9854,1.0336,0.9600192926045017,138.4,True
MARCO,Ovarian_GCST90016665,Wald ratio,1,0.0217,0.0268,0.417,1.022,0.9697,1.077,0.9600192926045017,45.2,True
HNMT,Ovarian_GCST90016665,Inverse variance weighted,2,0.0124,0.0111,0.263,1.0125,0.9907,1.0348,0.9298224852071006,295.7,True
LY75,Ovarian_GCST90016665,Inverse variance weighted,2,0.0107,0.0126,0.397,1.0108,0.986,1.0361,0.9600192926045017,156.6,True
ITGB6,Ovarian_GCST90016665,Wald ratio,1,-0.0409,0.0323,0.206,0.9599,0.901,1.0227,0.914013422818792,36.4,True
GALNT3,Ovarian_GCST90016665,Wald ratio,1,0.034,0.0339,0.315,1.0346,0.9682,1.1057,0.9600192926045017,32.9,True
FAM171B,Ovarian_GCST90016665,Wald ratio,1,0.0183,0.0241,0.447,1.0185,0.9716,1.0676,0.9600192926045017,64.2,True
ADAM23,Ovarian_GCST90016665,Inverse variance weighted,3,-0.0108,0.0152,0.478,0.9893,0.9603,1.0191,0.9600192926045017,40.1,True
CRYGD,Ovarian_GCST90016665,Inverse variance weighted,4,-0.007,0.0082,0.392,0.993,0.9772,1.0091,0.9600192926045017,171.8,True
CRYGD,Ovarian_GCST90016665,MR Egger,4,0.0211,0.0264,0.509,1.0213,0.9698,1.0755,,171.8,False
CD207,Ovarian_GCST90016665,Wald ratio,1,-0.0149,0.0197,0.45,0.9852,0.9478,1.0241,0.9600192926045017,90.2,True
REG3G,Ovarian_GCST90016665,Inverse variance weighted,3,0.0112,0.0151,0.458,1.0112,0.9818,1.0415,0.9600192926045017,59.6,True
REG3G,Ovarian_GCST90016665,Weighted median,3,0.0172,0.019,0.365,1.0174,0.9802,1.056,,59.6,False
CAPG,Ovarian_GCST90016665,Inverse variance weighted,2,-0.0075,0.0106,0.48,0.9925,0.9721,1.0134,0.9600192926045017,269.5,True
GNLY,Ovarian_GCST90016665,Inverse variance weighted,2,-0.0161,0.014,0.251,0.984,0.9573,1.0115,0.9298224852071006,136.7,True
CRELD1,Ovarian_GCST90016665,Wald ratio,1,-0.0121,0.0182,0.507,0.988,0.9534,1.0239,0.9600192926045017,145.6,True
NUDT16,Ovarian_GCST90016665,Wald ratio,1,-0.0208,0.023,0.365,0.9794,0.9362,1.0246,0.9600192926045017,60.9,True
CLSTN2,Ovarian_GCST90016665,Wald ratio,1,0.0295,0.036,0.413,1.0299,0.9597,1.1052,0.9600192926045017,33.5,True
CHL1,Ovarian_GCST90016665,Wald ratio,1,-0.0256,0.0373,0.491,0.9747,0.906,1.0485,0.9600192926045017,31.8,True
AHSG,Ovarian_GCST90016665,Inverse variance weighted,2,0.0139,0.0149,0.351,1.014,0.9849,1.0439,0.9600192926045017,233.7,True
FETUB,Ovarian_GCST90016665,Wald ratio,1,-0.0248,0.031,0.424,0.9755,0.918,1.0367,0.9600192926045017,37.2,True
TFRC,Ovarian_GCST90016665,Wald ratio,1,-0.0265,0.0276,0.336,0.9738,0.9226,1.0279,0.9600192926045017,55.6,True
IL5RA,Ovarian_GCST90016665,Wald ratio,1,0.0442,0.0504,0.38,1.0452,0.9469,1.1536,0.9600192926045017,32.4,True
FAM3D,Ovarian_GCST90016665,Wald ratio,1,-0.0341,0.0377,0.366,0.9664,0.8975,1.0406,0.9600192926045017,35.2,True
BST1,Ovarian_GCST90016665,MR Egger,3,-0.0561,0.0508,0.468,0.9454,0.8558,1.0444,,290.5,False
SOD3,Ovarian_GCST90016665,Wald ratio,1,-0.0367,0.0299,0.219,0.9639,0.9091,1.022,0.914013422818792,80.1,True
KDR,Ovarian_GCST90016665,Wald ratio,1,0.0184,0.027,0.495,1.0186,0.9661,1.074,0.9600192926045017,64.2,True
IGFBP7,Ovarian_GCST90016665,Wald ratio,1,-0.036,0.0323,0.265,0.9646,0.9055,1.0276,0.9298224852071006,44.4,True
PSAPL1,Ovarian_GCST90016665,Inverse variance weighted,3,0.0085,0.0118,0.473,1.0085,0.9854,1.0322,0.9600192926045017,113.1,True
PSAPL1,Ovarian_GCST90016665,Weighted median,3,0.009,0.0135,0.504,1.0091,0.9827,1.0361,,113.1,False
FBN2,Ovarian_GCST90016665,Wald ratio,1,0.0257,0.0333,0.44,1.0261,0.9612,1.0953,0.9600192926045017,34.4,True
TXNDC15,Ovarian_GCST90016665,Inverse variance weighted,2,0.0112,0.0108,0.298,1.0113,0.9902,1.0329,0.9561428571428572,361.0,True
PCDH12,Ovarian_GCST90016665,Wald ratio,1,-0.043,0.0359,0.232,0.9579,0.8928,1.0278,0.914013422818792,31.3,True
IL12B,Ovarian_GCST90016665,Wald ratio,1,-0.0244,0.0205,0.234,0.9759,0.9374,1.016,0.914013422818792,88.5,True
IL7R,Ovarian_GCST90016665,Inverse variance weighted,2,0.0068,0.0104,0.512,1.0068,0.9866,1.0275,0.9600192926045017,276.6,True
EGFLAM,Ovarian_GCST90016665,Inverse variance weighted,2,-0.0164,0.0172,0.34,0.9837,0.9512,1.0174,0.9600192926045017,46.9,True
IL31RA,Ovarian_GCST90016665,Inverse variance weighted,3,-0.0152,0.0121,0.209,0.9849,0.9619,1.0085,0.914013422818792,91.8,True
IL31RA,Ovarian_GCST90016665,Weighted median,3,-0.0168,0.015,0.264,0.9834,0.9549,1.0127,,91.8,False
SMPDL3A,Ovarian_GCST90016665,Wald ratio,1,0.0209,0.0171,0.22,1.0212,0.9876,1.0559,0.914013422818792,253.3,True
VNN1,Ovarian_GCST90016665,MR Egger,3,0.0506,0.0271,0.313,1.0519,0.9975,1.1093,,167.8,False
LRP11,Ovarian_GCST90016665,Wald ratio,1,0.0136,0.0192,0.48,1.0137,0.9762,1.0526,0.9600192926045017,130.7,True
RNASET2,Ovarian_GCST90016665,Wald ratio,1,-0.0379,0.0313,0.227,0.9628,0.9054,1.0238,0.914013422818792,41.7,True
MDGA1,Ovarian_GCST90016665,Inverse variance weighted,2,-0.0061,0.0086,0.476,0.9939,0.9773,1.0108,0.9600192926045017,445.8,True
DNPH1,Ovarian_GCST90016665,Wald ratio,1,0.024,0.025,0.336,1.0243,0.9753,1.0758,0.9600192926045017,44.1,True
CRISP3,Ovarian_GCST90016665,Wald ratio,1,0.0111,0.0169,0.51,1.0112,0.9783,1.0452,0.9600192926045017,167.1,True
CRISP2,Ovarian_GCST90016665,MR Egger,3,-0.1044,0.0535,0.301,0.9008,0.8112,1.0004,,104.5,False
GFRAL,Ovarian_GCST90016665,Wald ratio,1,-0.0262,0.0373,0.482,0.9742,0.9055,1.048,0.9600192926045017,31.2,True
ADGRB3,Ovarian_GCST90016665,Inverse variance weighted,2,-0.0081,0.0115,0.482,0.9919,0.9697,1.0146,0.9600192926045017,217.5,True
CD109,Ovarian_GCST90016665,Wald ratio,1,0.0084,0.0118,0.48,1.0084,0.9853,1.032,0.9600192926045017,392.7,True
EPHA1,Ovarian_GCST90016665,Wald ratio,1,-0.0441,0.037,0.233,0.9569,0.89,1.0288,0.914013422818792,37.3,True
GIMAP7,Ovarian_GCST90016665,Wald ratio,1,-0.0211,0.0212,0.318,0.9791,0.9392,1.0206,0.9600192926045017,114.2,True
CPVL,Ovarian_GCST90016665,Inverse variance weighted,2,-0.0239,0.0299,0.425,0.9764,0.9208,1.0354,0.9600192926045017,119.7,True
CCL24,Ovarian_GCST90016665,MR Egger,3,0.0204,0.0209,0.509,1.0206,0.9796,1.0633,,183.3,False
HSPB1,Ovarian_GCST90016665,Wald ratio,1,-0.0248,0.0262,0.344,0.9755,0.9266,1.027,0.9600192926045017,60.7,True
ZP3,Ovarian_GCST90016665,Inverse variance weighted,2,0.0065,0.0081,0.426,1.0065,0.9906,1.0226,0.9600192926045017,585.6,True
PON1,Ovarian_GCST90016665,Wald ratio,1,0.0156,0.0147,0.29,1.0157,0.9868,1.0454,0.9561428571428572,217.9,True
MSRA,Ovarian_GCST90016665,Wald ratio,1,-0.1294,0.1063,0.223,0.8786,0.7133,1.0822,0.914013422818792,37.7,True
SLURP1,Ovarian_GCST90016665,Wald ratio,1,-0.0261,0.0282,0.354,0.9742,0.9218,1.0296,0.9600192926045017,49.5,True
LY6D,Ovarian_GCST90016665,Inverse variance weighted,3,0.0121,0.0152,0.425,1.0122,0.9825,1.0428,0.9600192926045017,64.8,True
NAPRT,Ovarian_GCST90016665,Wald ratio,1,-0.0247,0.0351,0.482,0.9756,0.9107,1.0452,0.9600192926045017,33.0,True
FGL1,Ovarian_GCST90016665,Inverse variance weighted,4,-0.0107,0.0128,0.406,0.9894,0.9648,1.0146,0.9600192926045017,113.5,True
FGL1,Ovarian_GCST90016665,MR Egger,4,-0.067,0.0641,0.406,0.9352,0.8249,1.0603,,113.5,False
FGL1,Ovarian_GCST90016665,Weighted median,4,-0.0088,0.0134,0.51,0.9912,0.9655,1.0176,,113.5,False
TNFRSF10A,Ovarian_GCST90016665,Inverse variance weighted,2,0.016,0.0167,0.338,1.0162,0.9834,1.05,0.9600192926045017,66.4,True
SCARA5,Ovarian_GCST90016665,Wald ratio,1,0.0326,0.0368,0.376,1.0331,0.9612,1.1105,0.9600192926045017,31.2,True
PXDNL,Ovarian_GCST90016665,Wald ratio,1,0.0328,0.0271,0.226,1.0333,0.9799,1.0896,0.914013422818792,65.5,True
GGH,Ovarian_GCST90016665,Inverse variance weighted,2,0.0203,0.0193,0.294,1.0205,0.9826,1.0598,0.9561428571428572,65.1,True
ANGPT2,Ovarian_GCST90016665,Wald ratio,1,-0.0307,0.0386,0.427,0.9698,0.8991,1.046,0.9600192926045017,30.4,True
SH3GLB2,Ovarian_GCST90016665,Wald ratio,1,0.0277,0.0379,0.464,1.0281,0.9545,1.1074,0.9600192926045017,37.3,True
OBP2B,Ovarian_GCST90016665,Wald ratio,1,0.0182,0.0166,0.272,1.0184,0.9858,1.0521,0.9312,251.6,True
FCN2,Ovarian_GCST90016665,Inverse variance weighted,2,0.0155,0.0124,0.209,1.0157,0.9913,1.0406,0.914013422818792,206.4,True
PAEP,Ovarian_GCST90016665,Inverse variance weighted,2,0.0127,0.0113,0.26,1.0128,0.9907,1.0354,0.9298224852071006,156.6,True
SPINK4,Ovarian_GCST90016665,Inverse variance weighted,2,0.0072,0.0103,0.481,1.0073,0.9872,1.0277,0.9600192926045017,247.6,True
NUDT2,Ovarian_GCST90016665,Wald ratio,1,0.0219,0.0334,0.513,1.0221,0.9573,1.0914,0.9600192926045017,36.8,True
CEMIP2,Ovarian_GCST90016665,Wald ratio,1,-0.0497,0.0563,0.377,0.9515,0.8522,1.0625,0.9600192926045017,54.2,True
LAMB1,Ovarian_GCST90016665,Wald ratio,1,-0.0197,0.0303,0.517,0.9805,0.9239,1.0406,0.9644038461538462,63.3,True
LY6D,Ovarian_GCST90016665,Weighted median,3,0.0112,0.0172,0.516,1.0113,0.9777,1.046,,64.8,False
ADAM23,Ovarian_GCST90016665,Weighted median,3,-0.0114,0.0176,0.52,0.9887,0.9551,1.0235,,40.1,False
KAZALD1,Ovarian_GCST90016665,Wald ratio,1,0.0073,0.0215,0.733,1.0074,0.9658,1.0507,0.9762987012987013,189.4,True
ECHDC3,Ovarian_GCST90016665,Wald ratio,1,-0.0091,0.0199,0.646,0.9909,0.953,1.0303,0.9762987012987013,67.8,True
NRP1,Ovarian_GCST90016665,Wald ratio,1,0.0113,0.0249,0.649,1.0114,0.9632,1.062,0.9762987012987013,62.0,True
MSMB,Ovarian_GCST90016665,Inverse variance weighted,2,0.0035,0.0084,0.677,1.0035,0.9871,1.0202,0.9762987012987013,398.7,True
MBL2,Ovarian_GCST90016665,Inverse variance weighted,2,-0.0036,0.0103,0.726,0.9964,0.9765,1.0167,0.9762987012987013,247.8,True
IL15RA,Ovarian_GCST90016665,Wald ratio,1,0.014,0.0315,0.658,1.0141,0.9533,1.0787,0.9762987012987013,36.0,True
IL2RA,Ovarian_GCST90016665,Inverse variance weighted,2,0.0066,0.0155,0.668,1.0067,0.9765,1.0377,0.9762987012987013,71.7,True
FAS,Ovarian_GCST90016665,Wald ratio,1,0.01,0.0344,0.772,1.01,0.9441,1.0805,0.9762987012987013,33.5,True
TCTN3,Ovarian_GCST90016665,Wald ratio,1,0.0056,0.0182,0.76,1.0056,0.9704,1.0421,0.9762987012987013,140.6,True
MMP10,Ovarian_GCST90016665,Wald ratio,1,0.0166,0.0285,0.559,1.0168,0.9616,1.0751,0.975606936416185,43.4,True
AMPD3,Ovarian_GCST90016665,Wald ratio,1,-0.0168,0.0356,0.636,0.9833,0.9171,1.0543,0.9762987012987013,46.5,True
TMPRSS5,Ovarian_GCST90016665,Wald ratio,1,0.0091,0.0149,0.54,1.0091,0.9802,1.039,0.97,253.5,True
SERPING1,Ovarian_GCST90016665,Wald ratio,1,-0.0217,0.0376,0.564,0.9786,0.9091,1.0533,0.975606936416185,34.1,True
TCN1,Ovarian_GCST90016665,Inverse variance weighted,3,-0.0052,0.014,0.712,0.9948,0.9679,1.0226,0.9762987012987013,77.2,True
TCN1,Ovarian_GCST90016665,Weighted median,3,-0.0048,0.0152,0.751,0.9952,0.966,1.0252,,77.2,False
CTSC,Ovarian_GCST90016665,Wald ratio,1,-0.0076,0.0164,0.643,0.9924,0.961,1.0249,0.9762987012987013,138.3,True
STAB2,Ovarian_GCST90016665,Inverse variance weighted,2,-0.0082,0.0265,0.758,0.9919,0.9416,1.0448,0.9762987012987013,46.7,True
KLRK1,Ovarian_GCST90016665,Wald ratio,1,-0.008,0.0229,0.725,0.992,0.9485,1.0375,0.9762987012987013,75.0,True
PRR4,Ovarian_GCST90016665,Inverse variance weighted,2,-0.0072,0.0147,0.625,0.9929,0.9647,1.0218,0.9762987012987013,254.6,True
PXN,Ovarian_GCST90016665,Wald ratio,1,-0.0096,0.0196,0.625,0.9905,0.953,1.0293,0.9762987012987013,126.4,True
LTBR,Ovarian_GCST90016665,Wald ratio,1,0.0124,0.0316,0.694,1.0125,0.9518,1.0771,0.9762987012987013,41.1,True
C1S,Ovarian_GCST90016665,Wald ratio,1,0.0091,0.0215,0.67,1.0092,0.9676,1.0526,0.9762987012987013,146.6,True
C1R,Ovarian_GCST90016665,Wald ratio,1,0.0153,0.0386,0.691,1.0155,0.9414,1.0953,0.9762987012987013,42.5,True
C1RL,Ovarian_GCST90016665,Wald ratio,1,0.0122,0.026,0.641,1.0122,0.9619,1.0652,0.9762987012987013,62.9,True
RBP5,Ovarian_GCST90016665,Wald ratio,1,0.0165,0.0378,0.664,1.0166,0.9439,1.0949,0.9762987012987013,31.1,True
GLIPR1,Ovarian_GCST90016665,Wald ratio,1,0.0118,0.0335,0.726,1.0118,0.9475,1.0806,0.9762987012987013,33.3,True
CLEC4D,Ovarian_GCST90016665,Wald ratio,1,-0.0098,0.0258,0.705,0.9903,0.9415,1.0416,0.9762987012987013,68.7,True
GPC5,Ovarian_GCST90016665,MR Egger,3,-0.0174,0.0466,0.772,0.9827,0.897,1.0766,,113.4,False
ANG,Ovarian_GCST90016665,MR Egger,3,-0.0444,0.0744,0.657,0.9566,0.8268,1.1067,,74.5,False
EDDM3B,Ovarian_GCST90016665,Wald ratio,1,0.013,0.0231,0.573,1.0131,0.9682,1.0601,0.975606936416185,61.8,True
LGALS3,Ovarian_GCST90016665,Wald ratio,1,0.0145,0.0232,0.533,1.0146,0.9694,1.0619,0.97,78.7,True
SERPINA11,Ovarian_GCST90016665,Inverse variance weighted,2,0.0075,0.0171,0.659,1.0075,0.9744,1.0418,0.9762987012987013,79.6,True
SERPINA9,Ovarian_GCST90016665,Weighted median,4,0.01,0.0234,0.67,1.01,0.9647,1.0575,,44.1,False
PRTG,Ovarian_GCST90016665,Inverse variance weighted,2,0.0071,0.0229,0.757,1.0071,0.9629,1.0534,0.9762987012987013,62.1,True
CD276,Ovarian_GCST90016665,Wald ratio,1,0.0058,0.015,0.701,1.0058,0.9766,1.0358,0.9762987012987013,360.9,True
MPI,Ovarian_GCST90016665,Wald ratio,1,0.018,0.0325,0.58,1.0182,0.9553,1.0852,0.975606936416185,40.0,True
PRSS53,Ovarian_GCST90016665,MR Egger,3,-0.0458,0.0581,0.575,0.9552,0.8524,1.0705,,116.6,False
CCL15,Ovarian_GCST90016665,Wald ratio,1,0.0087,0.014,0.532,1.0088,0.9815,1.0367,0.97,397.9,True
CCL18,Ovarian_GCST90016665,Wald ratio,1,-0.0067,0.02,0.738,0.9933,0.9551,1.033,0.9762987012987013,160.9,True
ERBB2,Ovarian_GCST90016665,Wald ratio,1,0.0271,0.0477,0.569,1.0275,0.9358,1.1281,0.975606936416185,32.5,True
VMO1,Ovarian_GCST90016665,Wald ratio,1,0.0059,0.0167,0.723,1.0059,0.9735,1.0394,0.9762987012987013,285.6,True
SCPEP1,Ovarian_GCST90016665,Wald ratio,1,-0.0111,0.03,0.711,0.9889,0.9324,1.0489,0.9762987012987013,37.2,True
LPO,Ovarian_GCST90016665,Wald ratio,1,0.0197,0.0391,0.614,1.0199,0.9447,1.1011,0.9762987012987013,30.8,True
APOH,Ovarian_GCST90016665,Inverse variance weighted,2,0.0067,0.0147,0.648,1.0067,0.9782,1.0361,0.9762987012987013,63.4,True
SDK2,Ovarian_GCST90016665,Wald ratio,1,-0.0141,0.0231,0.542,0.986,0.9424,1.0317,0.97,74.5,True
MEP1B,Ovarian_GCST90016665,Inverse variance weighted,2,0.0051,0.0178,0.773,1.0051,0.9707,1.0409,0.9762987012987013,376.5,True
DCC,Ovarian_GCST90016665,Wald ratio,1,0.0097,0.0227,0.671,1.0097,0.9657,1.0557,0.9762987012987013,77.9,True
TNFRSF11A,Ovarian_GCST90016665,Inverse variance weighted,2,-0.0129,0.0201,0.522,0.9872,0.949,1.0269,0.97,51.2,True
ICAM1,Ovarian_GCST90016665,Wald ratio,1,0.0153,0.0335,0.647,1.0154,0.9509,1.0843,0.9762987012987013,44.6,True
ICAM5,Ovarian_GCST90016665,Wald ratio,1,0.005,0.0159,0.753,1.005,0.9741,1.0369,0.9762987012987013,254.7,True
ACP5,Ovarian_GCST90016665,Wald ratio,1,0.0138,0.0368,0.708,1.0139,0.9433,1.0897,0.9762987012987013,32.6,True
PGLYRP2,Ovarian_GCST90016665,Inverse variance weighted,2,-0.0034,0.0087,0.695,0.9966,0.9796,1.0138,0.9762987012987013,497.8,True
NPHS1,Ovarian_GCST90016665,Wald ratio,1,0.0092,0.0313,0.77,1.0092,0.9492,1.073,0.9762987012987013,63.4,True
MIA,Ovarian_GCST90016665,Wald ratio,1,-0.0065,0.0177,0.713,0.9935,0.9596,1.0286,0.9762987012987013,383.8,True
CD177,Ovarian_GCST90016665,Inverse variance weighted,2,0.0082,0.0193,0.671,1.0082,0.9708,1.0471,0.9762987012987013,136.5,True
CEACAM16,Ovarian_GCST90016665,Inverse variance weighted,2,0.0098,0.0265,0.712,1.0098,0.9588,1.0635,0.9762987012987013,35.4,True
DKKL1,Ovarian_GCST90016665,Wald ratio,1,0.0038,0.0097,0.694,1.0038,0.985,1.023,0.9762987012987013,470.7,True
KLK15,Ovarian_GCST90016665,MR Egger,4,0.012,0.0253,0.682,1.0121,0.9632,1.0635,,130.4,False
KLK11,Ovarian_GCST90016665,Wald ratio,1,-0.0112,0.0365,0.759,0.9889,0.9206,1.0621,0.9762987012987013,39.9,True
KLK12,Ovarian_GCST90016665,Wald ratio,1,-0.0042,0.0098,0.665,0.9958,0.9769,1.015,0.9762987012987013,926.3,True
KLK14,Ovarian_GCST90016665,Wald ratio,1,0.0185,0.0315,0.558,1.0186,0.9576,1.0836,0.975606936416185,35.2,True
SIGLEC8,Ovarian_GCST90016665,Inverse variance weighted,2,0.0249,0.0448,0.579,1.0252,0.9389,1.1194,0.975606936416185,119.8,True
LILRA6,Ovarian_GCST90016665,Wald ratio,1,-0.0078,0.0141,0.579,0.9922,0.9653,1.0199,0.975606936416185,325.9,True
LAIR2,Ovarian_GCST90016665,Wald ratio,1,-0.0065,0.0196,0.742,0.9936,0.9561,1.0325,0.9762987012987013,95.8,True
LILRB1,Ovarian_GCST90016665,Wald ratio,1,-0.0168,0.034,0.621,0.9833,0.9199,1.0511,0.9762987012987013,34.3,True
FCAR,Ovarian_GCST90016665,Wald ratio,1,0.0101,0.02,0.613,1.0101,0.9714,1.0505,0.9762987012987013,146.9,True
GP6,Ovarian_GCST90016665,Wald ratio,1,-0.0063,0.0221,0.775,0.9937,0.9515,1.0377,0.9762987012987013,71.1,True
CCL25,Ovarian_GCST90016665,Wald ratio,1,-0.0087,0.0171,0.612,0.9914,0.9587,1.0252,0.9762987012987013,192.1,True
PROK1,Ovarian_GCST90016665,Inverse variance weighted,2,0.0084,0.0139,0.545,1.0085,0.9813,1.0364,0.97,108.3,True
CD101,Ovarian_GCST90016665,MR Egger,3,0.0226,0.0544,0.749,1.0229,0.9193,1.1381,,98.8,False
ACP6,Ovarian_GCST90016665,Inverse variance weighted,2,-0.0076,0.0203,0.708,0.9924,0.9536,1.0328,0.9762987012987013,235.3,True
SPRR3,Ovarian_GCST90016665,Wald ratio,1,0.009,0.0275,0.745,1.009,0.956,1.0649,0.9762987012987013,57.3,True
S100A4,Ovarian_GCST90016665,Wald ratio,1,-0.0132,0.0416,0.751,0.9869,0.9096,1.0707,0.9762987012987013,64.2,True
ADAM15,Ovarian_GCST90016665,Inverse variance weighted,2,-0.0076,0.0178,0.67,0.9924,0.9584,1.0277,0.9762987012987013,115.3,True
FCRL2,Ovarian_GCST90016665,Inverse variance weighted,2,0.0061,0.0167,0.715,1.0061,0.9738,1.0395,0.9762987012987013,77.2,True
FCRL1,Ovarian_GCST90016665,Wald ratio,1,-0.0157,0.0269,0.56,0.9844,0.9339,1.0377,0.975606936416185,54.4,True
XCL1,Ovarian_GCST90016665,Wald ratio,1,-0.0063,0.016,0.696,0.9938,0.963,1.0255,0.9762987012987013,218.1,True
ANGPTL1,Ovarian_GCST90016665,Wald ratio,1,0.0141,0.0342,0.681,1.0142,0.9483,1.0846,0.9762987012987013,37.6,True
QSOX1,Ovarian_GCST90016665,Wald ratio,1,0.0084,0.0182,0.643,1.0085,0.9731,1.0451,0.9762987012987013,116.0,True
CFH,Ovarian_GCST90016665,Wald ratio,1,-0.0148,0.0274,0.589,0.9853,0.9339,1.0396,0.9762987012987013,43.7,True
CHI3L1,Ovarian_GCST90016665,Wald ratio,1,0.0059,0.018,0.745,1.0059,0.971,1.042,0.9762987012987013,170.9,True
CHIT1,Ovarian_GCST90016665,Inverse variance weighted,3,-0.0035,0.0102,0.731,0.9965,0.9769,1.0166,0.9762987012987013,192.8,True
CHIT1,Ovarian_GCST90016665,MR Egger,3,-0.0202,0.0242,0.557,0.98,0.9347,1.0275,,192.8,False
CHIT1,Ovarian_GCST90016665,Weighted median,3,-0.0036,0.0105,0.735,0.9964,0.9761,1.0172,,192.8,False
OPTC,Ovarian_GCST90016665,Wald ratio,1,0.0216,0.0538,0.688,1.0218,0.9195,1.1355,0.9762987012987013,31.7,True
LEFTY2,Ovarian_GCST90016665,Inverse variance weighted,3,-0.0055,0.0091,0.544,0.9945,0.9769,1.0124,0.97,167.0,True
LEFTY2,Ovarian_GCST90016665,MR Egger,3,0.0447,0.0701,0.639,1.0457,0.9114,1.1998,,167.0,False
GALNT2,Ovarian_GCST90016665,Wald ratio,1,0.0184,0.0335,0.584,1.0185,0.9538,1.0877,0.9762987012987013,41.4,True
C8B,Ovarian_GCST90016665,Wald ratio,1,-0.0133,0.0237,0.575,0.9868,0.942,1.0337,0.975606936416185,83.9,True
CTBS,Ovarian_GCST90016665,Inverse variance weighted,2,-0.0105,0.0172,0.542,0.9896,0.9567,1.0235,0.97,85.4,True
CA6,Ovarian_GCST90016665,Wald ratio,1,0.009,0.0163,0.58,1.0091,0.9773,1.0418,0.975606936416185,165.1,True
SIRPA,Ovarian_GCST90016665,Wald ratio,1,-0.0046,0.0104,0.659,0.9954,0.9754,1.0159,0.9762987012987013,1156.4,True
CST5,Ovarian_GCST90016665,Inverse variance weighted,2,-0.0071,0.0118,0.547,0.9929,0.9702,1.0162,0.9705914634146343,152.3,True
BPIFB1,Ovarian_GCST90016665,Inverse variance weighted,2,0.006,0.0181,0.74,1.006,0.9709,1.0424,0.9762987012987013,63.7,True
PROCR,Ovarian_GCST90016665,Wald ratio,1,-0.0151,0.0376,0.689,0.9851,0.915,1.0604,0.9762987012987013,38.6,True
PLTP,Ovarian_GCST90016665,Wald ratio,1,0.0085,0.0266,0.75,1.0085,0.9572,1.0626,0.9762987012987013,60.8,True
CHGB,Ovarian_GCST90016665,Wald ratio,1,0.0099,0.0189,0.6,1.01,0.9732,1.0481,0.9762987012987013,126.0,True
DSCAM,Ovarian_GCST90016665,Wald ratio,1,-0.013,0.0292,0.658,0.9871,0.9321,1.0454,0.9762987012987013,65.9,True
GGT5,Ovarian_GCST90016665,Wald ratio,1,-0.017,0.0552,0.758,0.9831,0.8824,1.0954,0.9762987012987013,31.1,True
TIMP3,Ovarian_GCST90016665,Wald ratio,1,0.0173,0.0307,0.574,1.0174,0.9579,1.0806,0.975606936416185,39.2,True
NPTXR,Ovarian_GCST90016665,Wald ratio,1,0.0128,0.0205,0.531,1.0129,0.973,1.0545,0.97,174.0,True
CRELD2,Ovarian_GCST90016665,Wald ratio,1,0.0085,0.0202,0.676,1.0085,0.9693,1.0492,0.9762987012987013,78.3,True
IL1RL2,Ovarian_GCST90016665,Inverse variance weighted,2,-0.0059,0.0166,0.721,0.9941,0.9623,1.027,0.9762987012987013,77.0,True
IL1RL1,Ovarian_GCST90016665,Inverse variance weighted,2,0.004,0.0109,0.717,1.004,0.9828,1.0256,0.9762987012987013,196.3,True
EDAR,Ovarian_GCST90016665,Wald ratio,1,-0.0172,0.0316,0.586,0.983,0.924,1.0457,0.9762987012987013,43.3,True
INHBB,Ovarian_GCST90016665,Wald ratio,1,-0.0083,0.0244,0.734,0.9917,0.9453,1.0404,0.9762987012987013,68.3,True
GALNT5,Ovarian_GCST90016665,Inverse variance weighted,2,0.0204,0.0353,0.563,1.0206,0.9524,1.0937,0.975606936416185,36.2,True
VSNL1,Ovarian_GCST90016665,Wald ratio,1,-0.0189,0.0305,0.535,0.9813,0.9244,1.0417,0.97,48.3,True
CRYGD,Ovarian_GCST90016665,Weighted median,4,-0.0045,0.0099,0.649,0.9955,0.9764,1.015,,171.8,False
EFHD1,Ovarian_GCST90016665,Wald ratio,1,0.0159,0.0522,0.761,1.016,0.9173,1.1254,0.9762987012987013,31.8,True
MCFD2,Ovarian_GCST90016665,Wald ratio,1,-0.0197,0.0319,0.536,0.9805,0.9211,1.0436,0.97,41.7,True
REG3G,Ovarian_GCST90016665,MR Egger,3,-0.1083,0.1363,0.572,0.8973,0.687,1.172,,59.6,False
REG1A,Ovarian_GCST90016665,Wald ratio,1,-0.0139,0.0337,0.681,0.9862,0.9231,1.0536,0.9762987012987013,35.4,True
TGOLN2,Ovarian_GCST90016665,Wald ratio,1,-0.0046,0.0158,0.771,0.9954,0.9651,1.0267,0.9762987012987013,176.9,True
TIMP4,Ovarian_GCST90016665,Inverse variance weighted,2,-0.0117,0.0196,0.549,0.9883,0.9511,1.0271,0.971179331306991,57.3,True
TF,Ovarian_GCST90016665,Wald ratio,1,0.0146,0.0302,0.629,1.0147,0.9564,1.0765,0.9762987012987013,38.0,True
MASP1,Ovarian_GCST90016665,Wald ratio,1,-0.014,0.0352,0.69,0.9861,0.9203,1.0565,0.9762987012987013,32.2,True
SUSD5,Ovarian_GCST90016665,Inverse variance weighted,2,0.0171,0.0287,0.552,1.0172,0.9615,1.0762,0.9735272727272728,67.9,True
LRRN1,Ovarian_GCST90016665,Wald ratio,1,-0.0078,0.0147,0.598,0.9923,0.9641,1.0213,0.9762987012987013,249.6,True
HYAL1,Ovarian_GCST90016665,Wald ratio,1,0.017,0.0337,0.615,1.0171,0.9521,1.0867,0.9762987012987013,39.4,True
IL17RB,Ovarian_GCST90016665,Inverse variance weighted,3,0.0076,0.0168,0.65,1.0076,0.9751,1.0413,0.9762987012987013,74.0,True
IL17RB,Ovarian_GCST90016665,MR Egger,3,0.026,0.0428,0.652,1.0263,0.9438,1.116,,74.0,False
IL17RB,Ovarian_GCST90016665,Weighted median,3,0.0089,0.0179,0.617,1.009,0.9742,1.0449,,74.0,False
LRIG1,Ovarian_GCST90016665,Inverse variance weighted,2,0.0079,0.0209,0.706,1.0079,0.9675,1.05,0.9762987012987013,131.2,True
CD38,Ovarian_GCST90016665,Wald ratio,1,-0.0149,0.0264,0.571,0.9852,0.9356,1.0374,0.975606936416185,57.4,True
ENPP6,Ovarian_GCST90016665,Inverse variance weighted,2,0.0146,0.0287,0.612,1.0147,0.9592,1.0734,0.9762987012987013,41.6,True
GC,Ovarian_GCST90016665,Wald ratio,1,-0.0041,0.0109,0.705,0.9959,0.9748,1.0174,0.9762987012987013,512.8,True
ART3,Ovarian_GCST90016665,Wald ratio,1,0.0191,0.0305,0.531,1.0193,0.9601,1.0822,0.97,49.1,True
FGF5,Ovarian_GCST90016665,Wald ratio,1,0.0094,0.0183,0.609,1.0094,0.9738,1.0463,0.9762987012987013,152.1,True
IDUA,Ovarian_GCST90016665,Wald ratio,1,0.0092,0.0206,0.654,1.0093,0.9693,1.051,0.9762987012987013,86.9,True
MEGF10,Ovarian_GCST90016665,Inverse variance weighted,2,-0.0062,0.0181,0.729,0.9938,0.9592,1.0296,0.9762987012987013,56.8,True
GALNT10,Ovarian_GCST90016665,Wald ratio,1,0.0141,0.0293,0.629,1.0142,0.9576,1.0742,0.9762987012987013,47.9,True
FGFR4,Ovarian_GCST90016665,Wald ratio,1,-0.0051,0.0115,0.656,0.9949,0.9726,1.0176,0.9762987012987013,531.0,True
F12,Ovarian_GCST90016665,Inverse variance weighted,2,-0.0028,0.0085,0.739,0.9972,0.9806,1.014,0.9762987012987013,503.1,True
CDH6,Ovarian_GCST90016665,Inverse variance weighted,2,0.0087,0.0289,0.764,1.0087,0.9531,1.0676,0.9762987012987013,47.8,True
C7,Ovarian_GCST90016665,Inverse variance weighted,2,-0.0075,0.024,0.755,0.9925,0.9468,1.0404,0.9762987012987013,108.8,True
IL31RA,Ovarian_GCST90016665,MR Egger,3,-0.0194,0.0423,0.727,0.9808,0.9027,1.0656,,91.8,False
CRHBP,Ovarian_GCST90016665,Wald ratio,1,-0.0115,0.0205,0.573,0.9885,0.9496,1.029,0.975606936416185,107.9,True
GLRX,Ovarian_GCST90016665,Wald ratio,1,0.0067,0.0213,0.751,1.0068,0.9657,1.0496,0.9762987012987013,100.5,True
VNN1,Ovarian_GCST90016665,Inverse variance weighted,3,-0.0051,0.0178,0.775,0.9949,0.9608,1.0302,0.9762987012987013,167.8,True
ULBP2,Ovarian_GCST90016665,Inverse variance weighted,2,-0.0046,0.0154,0.767,0.9955,0.9658,1.026,0.9762987012987013,104.4,True
LPA,Ovarian_GCST90016665,Inverse variance weighted,3,0.0068,0.0159,0.67,1.0068,0.9759,1.0387,0.9762987012987013,55.2,True
LPA,Ovarian_GCST90016665,MR Egger,3,0.0473,0.121,0.763,1.0484,0.8271,1.3289,,55.2,False
LPA,Ovarian_GCST90016665,Weighted median,3,0.0101,0.0193,0.599,1.0102,0.9727,1.0491,,55.2,False
PLG,Ovarian_GCST90016665,Wald ratio,1,-0.0177,0.0333,0.594,0.9824,0.9204,1.0486,0.9762987012987013,35.5,True
SMOC2,Ovarian_GCST90016665,Inverse variance weighted,2,-0.0066,0.0215,0.76,0.9935,0.9526,1.0361,0.9762987012987013,45.9,True
THBS2,Ovarian_GCST90016665,Inverse variance weighted,2,0.0082,0.0193,0.67,1.0083,0.9709,1.0471,0.9762987012987013,68.7,True
PI16,Ovarian_GCST90016665,Wald ratio,1,0.0215,0.0353,0.543,1.0217,0.9534,1.095,0.97,35.4,True
CRISP2,Ovarian_GCST90016665,Inverse variance weighted,3,-0.006,0.0177,0.734,0.994,0.9602,1.029,0.9762987012987013,104.5,True
PILRB,Ovarian_GCST90016665,Inverse variance weighted,2,-0.0023,0.0075,0.761,0.9977,0.9831,1.0125,0.9762987012987013,724.4,True
NRCAM,Ovarian_GCST90016665,Wald ratio,1,-0.0204,0.0324,0.53,0.9798,0.9195,1.0442,0.97,40.1,True
GPNMB,Ovarian_GCST90016665,Inverse variance weighted,3,-0.0101,0.0193,0.601,0.99,0.9533,1.0281,0.9762987012987013,100.5,True
GPNMB,Ovarian_GCST90016665,Weighted median,3,-0.0142,0.0226,0.53,0.9859,0.9431,1.0306,,100.5,False
SUMF2,Ovarian_GCST90016665,Wald ratio,1,-0.0092,0.0277,0.739,0.9908,0.9384,1.0461,0.9762987012987013,42.4,True
COL28A1,Ovarian_GCST90016665,Inverse variance weighted,2,-0.0048,0.0111,0.666,0.9952,0.9738,1.0171,0.9762987012987013,252.0,True
PON2,Ovarian_GCST90016665,Wald ratio,1,0.0061,0.016,0.705,1.0061,0.9749,1.0382,0.9762987012987013,261.6,True
CTSB,Ovarian_GCST90016665,Inverse variance weighted,2,-0.0052,0.0163,0.747,0.9948,0.9636,1.027,0.9762987012987013,88.6,True
EPPK1,Ovarian_GCST90016665,Wald ratio,1,-0.011,0.0325,0.734,0.989,0.928,1.054,0.9762987012987013,51.7,True
ASAH1,Ovarian_GCST90016665,Inverse variance weighted,2,0.0095,0.0163,0.559,1.0096,0.9778,1.0423,0.975606936416185,84.9,True
TNFRSF10C,Ovarian_GCST90016665,Wald ratio,1,-0.0131,0.0367,0.722,0.987,0.9186,1.0606,0.9762987012987013,31.3,True
CRH,Ovarian_GCST90016665,Wald ratio,1,0.0147,0.0475,0.757,1.0148,0.9246,1.1138,0.9762987012987013,41.0,True
IMPA1,Ovarian_GCST90016665,Wald ratio,1,0.0103,0.0347,0.768,1.0103,0.9438,1.0815,0.9762987012987013,38.3,True
MATN2,Ovarian_GCST90016665,Wald ratio,1,-0.0138,0.0269,0.607,0.9863,0.9357,1.0396,0.9762987012987013,59.4,True
DBH,Ovarian_GCST90016665,Inverse variance weighted,3,-0.0066,0.0121,0.583,0.9934,0.9701,1.0172,0.9762987012987013,206.9,True
DBH,Ovarian_GCST90016665,MR Egger,3,0.026,0.0448,0.666,1.0263,0.94,1.1206,,206.9,False
DPP7,Ovarian_GCST90016665,Wald ratio,1,-0.0171,0.0514,0.74,0.9831,0.8888,1.0874,0.9762987012987013,44.7,True
IGFBPL1,Ovarian_GCST90016665,Inverse variance weighted,2,0.0076,0.0198,0.703,1.0076,0.9692,1.0475,0.9762987012987013,57.4,True
CD274,Ovarian_GCST90016665,Wald ratio,1,0.0147,0.0239,0.538,1.0148,0.9684,1.0635,0.97,69.3,True
OGN,Ovarian_GCST90016665,Inverse variance weighted,2,0.0091,0.0169,0.591,1.0091,0.9763,1.0431,0.9762987012987013,85.2,True
KLK13,Ovarian_GCST90016665,Wald ratio,1,-0.006,0.0215,0.779,0.994,0.9529,1.0368,0.9771077586206898,92.5,True
TP53I3,Ovarian_GCST90016665,Wald ratio,1,-0.0054,0.0193,0.778,0.9946,0.9576,1.0329,0.9771077586206898,156.9,True
TCN1,Ovarian_GCST90016665,MR Egger,3,-0.0202,0.0609,0.796,0.98,0.8697,1.1042,,77.2,False
HBZ,Ovarian_GCST90016665,Inverse variance weighted,2,-0.0028,0.0108,0.795,0.9972,0.9764,1.0185,0.9786222222222223,349.0,True
CD300E,Ovarian_GCST90016665,Wald ratio,1,-0.006,0.0223,0.789,0.9941,0.9516,1.0384,0.9786222222222223,86.3,True
SELP,Ovarian_GCST90016665,Wald ratio,1,-0.0084,0.0318,0.791,0.9916,0.9318,1.0553,0.9786222222222223,58.5,True
PM20D1,Ovarian_GCST90016665,Inverse variance weighted,2,0.0043,0.0164,0.795,1.0043,0.9725,1.0372,0.9786222222222223,66.0,True
PCSK9,Ovarian_GCST90016665,Wald ratio,1,-0.0088,0.0341,0.796,0.9912,0.9271,1.0598,0.9786222222222223,94.2,True
TNFRSF13C,Ovarian_GCST90016665,Wald ratio,1,-0.0055,0.0201,0.784,0.9945,0.9561,1.0345,0.9786222222222223,97.3,True
MST1,Ovarian_GCST90016665,Wald ratio,1,0.0032,0.0121,0.793,1.0032,0.9796,1.0273,0.9786222222222223,471.7,True
GNPDA2,Ovarian_GCST90016665,Wald ratio,1,-0.0054,0.02,0.786,0.9946,0.9564,1.0343,0.9786222222222223,108.2,True
HDDC2,Ovarian_GCST90016665,Wald ratio,1,0.0057,0.0211,0.789,1.0057,0.9649,1.0482,0.9786222222222223,60.5,True
CDH23,Ovarian_GCST90016665,Wald ratio,1,0.0066,0.0259,0.799,1.0066,0.9567,1.0591,0.9786222222222223,41.5,True
CD160,Ovarian_GCST90016665,Wald ratio,1,0.0073,0.0287,0.798,1.0074,0.9522,1.0658,0.9786222222222223,49.0,True
DKK3,Ovarian_GCST90016665,Wald ratio,1,0.0037,0.0319,0.908,1.0037,0.9428,1.0685,0.9786222222222223,45.2,True
BCAT1,Ovarian_GCST90016665,Wald ratio,1,-0.0048,0.0256,0.853,0.9953,0.9465,1.0465,0.9786222222222223,66.3,True
CLEC6A,Ovarian_GCST90016665,Wald ratio,1,0.0024,0.0212,0.91,1.0024,0.9616,1.045,0.9789648798521257,113.0,True
FLT1,Ovarian_GCST90016665,Wald ratio,1,-0.0142,0.0714,0.842,0.9859,0.8571,1.134,0.9786222222222223,46.3,True
RNASE10,Ovarian_GCST90016665,MR Egger,3,-0.0052,0.0359,0.909,0.9949,0.9272,1.0674,,179.9,False
ANG,Ovarian_GCST90016665,Inverse variance weighted,3,0.0016,0.0136,0.905,1.0016,0.9753,1.0287,0.9786222222222223,74.5,True
GZMB,Ovarian_GCST90016665,Wald ratio,1,-0.0047,0.0335,0.888,0.9953,0.932,1.0629,0.9786222222222223,33.1,True
COCH,Ovarian_GCST90016665,Inverse variance weighted,2,0.01,0.0605,0.869,1.01,0.8971,1.1372,0.9786222222222223,75.9,True
SERPINA1,Ovarian_GCST90016665,Wald ratio,1,-0.0054,0.028,0.848,0.9947,0.9414,1.0509,0.9786222222222223,60.0,True
SERPINA9,Ovarian_GCST90016665,Inverse variance weighted,4,0.004,0.0206,0.847,1.004,0.9643,1.0453,0.9786222222222223,44.1,True
SCG3,Ovarian_GCST90016665,Wald ratio,1,0.0042,0.0182,0.819,1.0042,0.9689,1.0407,0.9786222222222223,94.1,True
RGMA,Ovarian_GCST90016665,Wald ratio,1,0.0048,0.0319,0.879,1.0049,0.944,1.0696,0.9786222222222223,44.5,True
TPSD1,Ovarian_GCST90016665,Wald ratio,1,-0.0049,0.0305,0.872,0.9951,0.9374,1.0563,0.9786222222222223,51.0,True
PRSS53,Ovarian_GCST90016665,Inverse variance weighted,3,-0.0026,0.0115,0.82,0.9974,0.9751,1.0202,0.9786222222222223,116.6,True
PRSS53,Ovarian_GCST90016665,Weighted median,3,-0.0019,0.0124,0.875,0.9981,0.9741,1.0226,,116.6,False
ACE,Ovarian_GCST90016665,Wald ratio,1,-0.0023,0.0134,0.863,0.9977,0.9719,1.0242,0.9786222222222223,305.9,True
NT5C,Ovarian_GCST90016665,Wald ratio,1,0.0032,0.0194,0.868,1.0032,0.9657,1.0422,0.9786222222222223,120.3,True
MRI1,Ovarian_GCST90016665,Inverse variance weighted,2,0.0065,0.0298,0.827,1.0065,0.9494,1.0672,0.9786222222222223,78.1,True
PEPD,Ovarian_GCST90016665,Wald ratio,1,0.0064,0.0276,0.817,1.0064,0.9535,1.0622,0.9786222222222223,47.1,True
KLK4,Ovarian_GCST90016665,Wald ratio,1,-0.004,0.0267,0.88,0.996,0.9453,1.0494,0.9786222222222223,42.5,True
LILRB2,Ovarian_GCST90016665,Wald ratio,1,0.002,0.0135,0.884,1.002,0.9757,1.0289,0.9786222222222223,600.0,True
LILRA5,Ovarian_GCST90016665,Inverse variance weighted,2,0.0046,0.0221,0.834,1.0046,0.9621,1.0491,0.9786222222222223,48.9,True
PGD,Ovarian_GCST90016665,Wald ratio,1,-0.0062,0.0417,0.881,0.9938,0.9158,1.0784,0.9786222222222223,46.1,True
IL6R,Ovarian_GCST90016665,Wald ratio,1,0.0012,0.01,0.902,1.0012,0.9818,1.021,0.9786222222222223,704.4,True
FCRL3,Ovarian_GCST90016665,Wald ratio,1,-0.0028,0.0116,0.809,0.9972,0.9748,1.0201,0.9786222222222223,452.8,True
FCRL6,Ovarian_GCST90016665,Inverse variance weighted,2,-0.0014,0.011,0.902,0.9986,0.9774,1.0204,0.9786222222222223,176.4,True
TNR,Ovarian_GCST90016665,Wald ratio,1,0.0035,0.0262,0.893,1.0035,0.9533,1.0564,0.9786222222222223,62.0,True
CFHR5,Ovarian_GCST90016665,Wald ratio,1,-0.0057,0.0319,0.858,0.9943,0.934,1.0585,0.9786222222222223,164.0,True
PRELP,Ovarian_GCST90016665,Wald ratio,1,-0.004,0.0258,0.878,0.996,0.947,1.0476,0.9786222222222223,31.1,True
FCAMR,Ovarian_GCST90016665,Wald ratio,1,0.0036,0.0272,0.895,1.0036,0.9515,1.0586,0.9786222222222223,58.6,True
LGALS8,Ovarian_GCST90016665,Wald ratio,1,0.0015,0.0122,0.904,1.0015,0.9778,1.0258,0.9786222222222223,368.3,True
CST7,Ovarian_GCST90016665,Wald ratio,1,0.0038,0.0231,0.869,1.0038,0.9594,1.0502,0.9786222222222223,33.1,True
ITPA,Ovarian_GCST90016665,Wald ratio,1,-0.0052,0.0249,0.835,0.9948,0.9474,1.0446,0.9786222222222223,54.9,True
CD40,Ovarian_GCST90016665,Wald ratio,1,0.0036,0.0164,0.827,1.0036,0.9719,1.0363,0.9786222222222223,175.8,True
NCAM2,Ovarian_GCST90016665,Inverse variance weighted,2,0.0026,0.016,0.869,1.0026,0.9717,1.0346,0.9786222222222223,76.9,True
IFNAR1,Ovarian_GCST90016665,Wald ratio,1,0.0039,0.0331,0.907,1.0039,0.9408,1.0712,0.9786222222222223,40.2,True
COMT,Ovarian_GCST90016665,Inverse variance weighted,2,0.0091,0.0419,0.828,1.0091,0.9295,1.0956,0.9786222222222223,77.2,True
PVALB,Ovarian_GCST90016665,Wald ratio,1,0.0034,0.021,0.872,1.0034,0.9629,1.0455,0.9786222222222223,86.7,True
IL1R2,Ovarian_GCST90016665,Wald ratio,1,-0.0049,0.0223,0.826,0.9951,0.9525,1.0396,0.9786222222222223,91.6,True
ADAM23,Ovarian_GCST90016665,MR Egger,3,-0.0201,0.0666,0.814,0.9801,0.8602,1.1168,,40.1,False
SERPINE2,Ovarian_GCST90016665,Wald ratio,1,-0.0039,0.0279,0.89,0.9961,0.9432,1.052,0.9786222222222223,57.4,True
CGREF1,Ovarian_GCST90016665,Wald ratio,1,-0.0038,0.0203,0.85,0.9962,0.9574,1.0366,0.9786222222222223,112.9,True
ATRAID,Ovarian_GCST90016665,Wald ratio,1,0.0058,0.033,0.86,1.0058,0.9428,1.0731,0.9786222222222223,37.2,True
PLB1,Ovarian_GCST90016665,Wald ratio,1,-0.0025,0.0138,0.856,0.9975,0.9709,1.0248,0.9786222222222223,349.7,True
VIT,Ovarian_GCST90016665,Inverse variance weighted,2,-0.0056,0.029,0.845,0.9944,0.9395,1.0525,0.9786222222222223,86.8,True
QPCT,Ovarian_GCST90016665,Wald ratio,1,-0.0095,0.0432,0.827,0.9906,0.9102,1.0781,0.9786222222222223,263.6,True
NAGK,Ovarian_GCST90016665,Wald ratio,1,-0.0043,0.0282,0.878,0.9957,0.9422,1.0522,0.9786222222222223,49.6,True
CD200R1,Ovarian_GCST90016665,Inverse variance weighted,2,-0.0016,0.0107,0.88,0.9984,0.9777,1.0195,0.9786222222222223,110.8,True
SERPINI1,Ovarian_GCST90016665,Wald ratio,1,0.004,0.0283,0.887,1.004,0.9498,1.0614,0.9786222222222223,56.8,True
MELTF,Ovarian_GCST90016665,Wald ratio,1,0.0067,0.0407,0.869,1.0067,0.9295,1.0904,0.9786222222222223,45.1,True
ITIH3,Ovarian_GCST90016665,Wald ratio,1,-0.0042,0.0324,0.896,0.9958,0.9344,1.0611,0.9786222222222223,37.2,True
ITIH1,Ovarian_GCST90016665,Wald ratio,1,-0.006,0.033,0.855,0.994,0.9318,1.0604,0.9786222222222223,34.3,True
BST1,Ovarian_GCST90016665,Inverse variance weighted,3,-0.002,0.0083,0.81,0.998,0.982,1.0143,0.9786222222222223,290.5,True
FGFBP2,Ovarian_GCST90016665,Wald ratio,1,-0.0026,0.0192,0.892,0.9974,0.9605,1.0357,0.9786222222222223,115.5,True
SORCS2,Ovarian_GCST90016665,Wald ratio,1,0.0022,0.019,0.907,1.0022,0.9655,1.0403,0.9786222222222223,127.6,True
NAAA,Ovarian_GCST90016665,Wald ratio,1,-0.0046,0.0206,0.822,0.9954,0.956,1.0364,0.9786222222222223,109.9,True
HPGDS,Ovarian_GCST90016665,Wald ratio,1,-0.0061,0.0259,0.813,0.9939,0.9447,1.0457,0.9786222222222223,141.3,True
ITGA2,Ovarian_GCST90016665,Inverse variance weighted,2,0.0025,0.0122,0.836,1.0025,0.9789,1.0268,0.9786222222222223,155.5,True
MOCS2,Ovarian_GCST90016665,Wald ratio,1,-0.0062,0.0267,0.817,0.9938,0.9432,1.0473,0.9786222222222223,34.8,True
VNN1,Ovarian_GCST90016665,Weighted median,3,0.0015,0.0118,0.897,1.0015,0.9786,1.025,,167.8,False
VNN2,Ovarian_GCST90016665,MR Egger,3,0.0142,0.0485,0.819,1.0143,0.9223,1.1155,,125.9,False
VEGFA,Ovarian_GCST90016665,Wald ratio,1,0.0049,0.0256,0.849,1.0049,0.9557,1.0566,0.9786222222222223,77.1,True
ENPP5,Ovarian_GCST90016665,Wald ratio,1,-0.0034,0.0161,0.835,0.9966,0.9656,1.0286,0.9786222222222223,276.0,True
CRISP2,Ovarian_GCST90016665,Weighted median,3,0.002,0.0135,0.882,1.002,0.9758,1.029,,104.5,False
NT5E,Ovarian_GCST90016665,Inverse variance weighted,2,-0.0028,0.0191,0.882,0.9972,0.9606,1.0352,0.9786222222222223,53.7,True
PILRA,Ovarian_GCST90016665,Inverse variance weighted,2,-0.0016,0.0091,0.86,0.9984,0.9808,1.0163,0.9786222222222223,381.3,True
ACHE,Ovarian_GCST90016665,Wald ratio,1,0.0034,0.0273,0.902,1.0034,0.9511,1.0585,0.9786222222222223,52.8,True
TPK1,Ovarian_GCST90016665,Wald ratio,1,0.0092,0.0415,0.823,1.0093,0.9305,1.0947,0.9786222222222223,41.6,True
GPNMB,Ovarian_GCST90016665,MR Egger,3,0.0124,0.0455,0.831,1.0125,0.926,1.107,,100.5,False
CCL24,Ovarian_GCST90016665,Inverse variance weighted,3,-0.0019,0.0091,0.834,0.9981,0.9805,1.016,0.9786222222222223,183.3,True
AIF1L,Ovarian_GCST90016665,Wald ratio,1,0.0056,0.0304,0.854,1.0056,0.9474,1.0674,0.9786222222222223,43.4,True
ENTPD2,Ovarian_GCST90016665,Wald ratio,1,0.0058,0.029,0.841,1.0058,0.9502,1.0647,0.9786222222222223,35.0,True
B4GALT1,Ovarian_GCST90016665,Wald ratio,1,0.0054,0.0336,0.872,1.0054,0.9413,1.0739,0.9786222222222223,35.6,True
SPON1,Ovarian_GCST90016665,Wald ratio,1,-0.0033,0.0342,0.923,0.9967,0.932,1.0659,0.9867302752293579,34.6,True
ADGRD1,Ovarian_GCST90016665,Wald ratio,1,-0.0032,0.0331,0.922,0.9968,0.9341,1.0636,0.9867302752293579,36.6,True
OLFM4,Ovarian_GCST90016665,Wald ratio,1,0.0015,0.0146,0.921,1.0015,0.9732,1.0305,0.9867302752293579,291.8,True
RNASE10,Ovarian_GCST90016665,Weighted median,3,-0.0014,0.0137,0.921,0.9986,0.9723,1.0257,,179.9,False
GFRA2,Ovarian_GCST90016665,Inverse variance weighted,2,0.0037,0.0393,0.924,1.0037,0.9292,1.0842,0.9867302752293579,47.5,True
SERPINA9,Ovarian_GCST90016665,MR Egger,4,0.0107,0.105,0.928,1.0108,0.8227,1.2418,,44.1,False
C9,Ovarian_GCST90016665,Wald ratio,1,0.003,0.0347,0.93,1.003,0.9371,1.0736,0.9913186813186813,31.7,True
PSCA,Ovarian_GCST90016665,Wald ratio,1,0.0008,0.0094,0.932,1.0008,0.9824,1.0195,0.9916343692870201,1273.9,True
IDI2,Ovarian_GCST90016665,Inverse variance weighted,2,0.0011,0.0193,0.953,1.0011,0.964,1.0397,0.9945964285714285,37.0,True
PBLD,Ovarian_GCST90016665,Wald ratio,1,-0.0015,0.0254,0.953,0.9985,0.95,1.0494,0.9945964285714285,74.8,True
ENDOU,Ovarian_GCST90016665,Wald ratio,1,-0.0013,0.0333,0.968,0.9987,0.9355,1.0661,0.997,36.7,True
CLEC4C,Ovarian_GCST90016665,Wald ratio,1,-0.0004,0.0132,0.975,0.9996,0.974,1.0259,0.997,227.1,True
PZP,Ovarian_GCST90016665,Wald ratio,1,-0.0015,0.0285,0.959,0.9985,0.9443,1.0558,0.9948983957219252,51.2,True
RNASE10,Ovarian_GCST90016665,Inverse variance weighted,3,-0.0002,0.0129,0.985,0.9998,0.9747,1.0254,0.997,179.9,True
ANG,Ovarian_GCST90016665,Weighted median,3,0.0009,0.0161,0.956,1.0009,0.9699,1.0329,,74.5,False
THTPA,Ovarian_GCST90016665,Wald ratio,1,0.0001,0.0175,0.995,1.0001,0.9664,1.035,0.997,167.4,True
PYDC1,Ovarian_GCST90016665,Wald ratio,1,-0.0016,0.0266,0.951,0.9984,0.9477,1.0518,0.9945964285714285,63.5,True
CDH15,Ovarian_GCST90016665,Wald ratio,1,0.0015,0.0349,0.965,1.0015,0.9352,1.0725,0.9968297872340426,252.3,True
CCL16,Ovarian_GCST90016665,Wald ratio,1,-0.0001,0.0164,0.996,0.9999,0.9683,1.0326,0.997,154.7,True
CD300C,Ovarian_GCST90016665,Wald ratio,1,-0.0013,0.0223,0.954,0.9987,0.9559,1.0434,0.9945964285714285,130.7,True
CD300LF,Ovarian_GCST90016665,Inverse variance weighted,2,-0.0002,0.0084,0.985,0.9998,0.9835,1.0165,0.997,694.1,True
OSCAR,Ovarian_GCST90016665,Wald ratio,1,-0.0003,0.0269,0.991,0.9997,0.9484,1.0538,0.997,72.6,True
CELSR2,Ovarian_GCST90016665,Wald ratio,1,-0.0003,0.0241,0.989,0.9997,0.9536,1.0479,0.997,67.8,True
FCRL5,Ovarian_GCST90016665,Wald ratio,1,-0.0017,0.0303,0.956,0.9983,0.9408,1.0593,0.9945964285714285,38.9,True
LY9,Ovarian_GCST90016665,Inverse variance weighted,2,0.0015,0.0208,0.941,1.0015,0.9615,1.0433,0.9945964285714285,58.8,True
FCGR3B,Ovarian_GCST90016665,Wald ratio,1,-0.0001,0.0183,0.997,0.9999,0.9648,1.0364,0.997,162.8,True
TOR1AIP1,Ovarian_GCST90016665,Wald ratio,1,-0.0007,0.0113,0.947,0.9993,0.9774,1.0216,0.9945964285714285,720.5,True
CSF3R,Ovarian_GCST90016665,Inverse variance weighted,2,-0.0008,0.0305,0.979,0.9992,0.9412,1.0607,0.997,149.4,True
PARK7,Ovarian_GCST90016665,Wald ratio,1,0.0023,0.0325,0.945,1.0023,0.9404,1.0682,0.9945964285714285,53.4,True
SIRPB1,Ovarian_GCST90016665,Wald ratio,1,0.0004,0.0179,0.981,1.0004,0.9659,1.0362,0.997,205.2,True
PRND,Ovarian_GCST90016665,Wald ratio,1,-0.0022,0.0401,0.956,0.9978,0.9225,1.0793,0.9945964285714285,38.6,True
ALPP,Ovarian_GCST90016665,Inverse variance weighted,2,0.0005,0.0189,0.98,1.0005,0.9642,1.0381,0.997,64.0,True
GPC1,Ovarian_GCST90016665,Wald ratio,1,-0.0007,0.0335,0.983,0.9993,0.9358,1.067,0.997,33.0,True
HRG,Ovarian_GCST90016665,Wald ratio,1,-0.0012,0.0281,0.966,0.9988,0.9453,1.0554,0.9968297872340426,54.9,True
TDGF1,Ovarian_GCST90016665,Wald ratio,1,-0.0001,0.0113,0.996,0.9999,0.9779,1.0224,0.997,908.2,True
BST1,Ovarian_GCST90016665,Weighted median,3,0.0,0.0091,0.996,1.0,0.9822,1.018,,290.5,False
CPE,Ovarian_GCST90016665,Wald ratio,1,-0.0007,0.0587,0.991,0.9993,0.8908,1.1211,0.997,39.9,True
HGFAC,Ovarian_GCST90016665,Inverse variance weighted,2,-0.0006,0.0207,0.979,0.9994,0.9597,1.0408,0.997,42.6,True
PSAPL1,Ovarian_GCST90016665,MR Egger,3,-0.0002,0.0602,0.998,0.9998,0.8886,1.125,,113.1,False
SCARB2,Ovarian_GCST90016665,Wald ratio,1,-0.0018,0.0362,0.961,0.9982,0.9298,1.0717,0.9951992882562278,36.7,True
PAM,Ovarian_GCST90016665,Inverse variance weighted,2,-0.0011,0.0205,0.957,0.9989,0.9595,1.0398,0.9945964285714285,63.8,True
PDGFRB,Ovarian_GCST90016665,Wald ratio,1,0.0,0.0099,0.996,1.0,0.9808,1.0195,0.997,919.8,True
GLO1,Ovarian_GCST90016665,Wald ratio,1,0.0008,0.0263,0.977,1.0008,0.9505,1.0537,0.997,54.6,True
TREM2,Ovarian_GCST90016665,Wald ratio,1,0.0023,0.0338,0.945,1.0023,0.9381,1.0709,0.9945964285714285,57.2,True
DDC,Ovarian_GCST90016665,Wald ratio,1,0.0018,0.0279,0.948,1.0018,0.9484,1.0582,0.9945964285714285,39.4,True
CCL24,Ovarian_GCST90016665,Weighted median,3,-0.0001,0.0097,0.991,0.9999,0.981,1.0191,,183.3,False
LY6D,Ovarian_GCST90016665,MR Egger,3,-0.002,0.086,0.986,0.998,0.8432,1.1814,,64.8,False
DBH,Ovarian_GCST90016665,Weighted median,3,-0.0001,0.0097,0.995,0.9999,0.9811,1.0191,,206.9,False
FCN1,Ovarian_GCST90016665,Wald ratio,1,-0.002,0.0252,0.937,0.998,0.95,1.0485,0.9945964285714285,80.2,True
